id,labels,,
SRR2017877,0,11,
SRR3295788,5,7,
SRR3021489,0,7,
SRR3664822,0,7,
SRR1823687,5,7,
SRR1783200,0,7,
SRR1783179,5,7,
SRR3057221,0,7,
SRR3188162,0,7,
SRR2533477,0,7,
SRR3062674,5,7,
SRR2567152,0,7,
SRR3664635,5,7,
SRR3932981,5,7,
SRR3098262,0,7,
SRR3271840,0,7,
SRR2566974,5,7,
SRR2670715,0,7,
SRR2989195,5,7,
SRR1556965,0,7,
SRR3115221,0,7,
SRR3115233,0,7,
SRR3664624,0,7,
SRR3932919,0,7,
SRR1801547,5,7,
SRR3664658,0,7,
SRR3091411,1,7,
SRR2989564,0,7,
SRR2407702,5,7,
SRR1914404,0,7,
SRR3664810,1,7,
SRR1982179,0,7,
SRR3191438,0,7,
SRR2567031,0,7,
SRR2143475,0,7,
SRR3664721,0,7,
SRR3945764,5,7,
SRR3289807,5,7,
SRR3665284,0,7,
SRR2532788,1,7,
SRR1363326,0,7,
SRR3925188,2,7,2
SRR3295934,5,7,
SRR1777670,0,7,
SRR2567065,0,7,
SRR3224096,0,7,
SRR1947037,0,7,
SRR1805624,0,7,
SRR3224091,0,7,
SRR1614996,5,7,
SRR3185054,0,7,
SRR3191437,5,7,
SRR2567044,1,7,
SRR1801539,0,7,
SRR3664844,0,7,
SRR1598874,1,7,
SRR3932978,2,7,2
SRR2532635,1,7,
SRR2407797,5,7,
SRR2082862,0,7,
SRR2567182,1,7,
SRR2002487,0,7,
SRR3210662,0,7,
SRR3198630,0,7,
SRR3665157,0,7,
SRR2566870,1,7,
SRR3306287,0,7,
SRR3295608,5,7,
SRR1646548,0,7,
SRR2227612,0,7,
SRR2188122,0,7,
SRR3295927,0,7,
SRR2648754,0,7,
SRR1334673,0,7,
SRR3665243,0,7,
SRR3184188,0,7,
SRR3664871,0,7,
SRR1763850,0,7,
SRR3330244,0,7,
SRR3490009,1,7,
SRR2533344,1,7,
SRR1793258,0,7,
SRR3764719,5,7,
SRR3198619,5,7,
SRR3932917,0,7,
SRR3665076,5,7,
SRR2973722,2,7,2
SRR3330377,0,7,
SRR1299309,5,7,
SRR3665315,1,7,
SRR3665271,0,7,
SRR3184114,0,7,
SRR1562658,5,7,
SRR2542493,0,7,
SRR3664766,0,7,
SRR3148245,5,7,
SRR3098260,0,7,
SRR1946913,5,7,
SRR2669157,1,7,
SRR2407665,0,7,
SRR2227278,5,7,
SRR3085613,1,7,
SRR1544391,1,7,
SRR3665153,0,7,
SRR3665260,0,7,
SRR2982351,5,7,
SRR2567096,0,7,
SRR3295815,0,7,
SRR3185049,0,7,
SRR3664823,0,7,
SRR3096098,5,7,
SRR2533480,0,7,
SRR3663788,5,7,
SRR3115243,0,7,
SRR3295866,0,7,
SRR3932980,0,7,
SRR2568399,5,7,
SRR2567033,5,7,
SRR3295529,5,7,
SRR2407668,5,7,
SRR3295950,1,7,
SRR2082840,0,7,
SRR3147928,0,7,
SRR3096104,0,7,
SRR2566924,5,7,
SRR2989201,0,7,
SRR2670699,1,7,
SRR1544425,5,7,
SRR2566880,0,7,
SRR3151800,0,7,
SRR2981105,0,7,
SRR1575954,1,7,
SRR2918189,0,7,
SRR1820097,1,7,
SRR2533486,5,7,
SRR1521586,5,7,
SRR1521525,0,7,
SRR4280638,0,7,
SRR3295915,0,7,
SRR2648197,5,7,
SRR3306279,0,7,
SRR3214105,0,7,
SRR1574259,0,7,
SRR1646948,0,7,
SRR3663784,5,7,
SRR3306209,0,7,
SRR3399995,0,7,
SRR3664636,5,7,
SRR1951840,0,7,
SRR1783199,0,7,
SRR2989202,0,7,
SRR3665209,5,7,
SRR3242334,0,7,
SRR2542457,0,7,
SRR3295869,0,7,
SRR2567157,0,7,
SRR2981113,0,7,
SRR3116167,5,7,
SRR3173523,0,7,
SRR3115188,1,7,
SRR2143476,0,7,
SRR1544168,0,7,
SRR2567110,0,7,
SRR1974084,5,7,
SRR2670624,5,7,
SRR3062685,0,7,
SRR2407613,1,7,
SRR3665300,0,7,
SRR1946974,0,7,
SRR3295857,0,7,
SRR3295886,5,7,
SRR2103391,0,7,
SRR2566969,5,7,
SRR1646531,5,7,
SRR3664706,5,7,
SRR3664923,5,7,
SRR2002480,0,7,
SRR2567045,0,7,
SRR3052021,0,7,
SRR3295827,5,7,
SRR1812831,0,7,
SRR3664776,0,7,
SRR3173565,5,7,
SRR3294535,0,7,
SRR3091349,5,7,
SRR2407547,5,7,
SRR3223755,5,7,
SRR3056921,2,7,2
SRR3664984,5,7,
SRR2407583,0,7,
SRR2989567,1,7,
SRR2962667,1,7,
SRR3932961,0,7,
SRR2015825,0,7,
SRR1363330,0,7,
SRR1822310,0,7,
SRR1299380,0,7,
SRR3664934,5,7,
SRR2566986,1,7,
SRR3295818,0,7,
SRR4280645,0,7,
SRR3295839,0,7,
SRR1951867,5,7,
SRR1849414,0,7,
SRR2407679,0,7,
SRR2567165,0,7,
SRR1946922,0,7,
SRR3188259,0,7,
SRR2407792,5,7,
SRR3295752,5,7,
SRR3295897,0,7,
SRR3045972,0,7,
SRR1822294,5,7,
SRR3295519,0,7,
SRR2407734,0,7,
SRR3665094,5,7,
SRR2407647,5,7,
SRR3295647,0,7,
SRR1801549,5,7,
SRR4280613,0,7,
SRR3295739,5,7,
SRR3122768,0,7,
SRR3664915,0,7,
SRR3932924,1,7,
SRR2567168,5,7,
SRR3295534,0,7,
SRR3295552,1,6,1
SRR2599655,0,7,1
SRR3242351,0,7,1
SRR2407533,5,6,1
SRR3295671,0,7,1
SRR2566859,0,7,1
SRR1752860,1,7,1
SRR1752901,5,7,1
SRR3664874,1,7,1
SRR3740190,0,7,1
SRR2566903,0,7,1
SRR1752827,5,7,1
SRR1299285,0,6,1
SRR2567070,0,7,1
SRR3033302,1,7,1
SRR3295946,5,7,1
SRR3664905,0,6,1
SRR1544371,1,7,1
SRR2533441,0,7,1
SRR3052030,5,6,1
SRR2566914,5,7,1
SRR3225367,0,7,1
SRR3062668,5,7,1
SRR2407664,0,6,1
SRR2566948,5,7,1
SRR2407773,1,6,1
SRR3664741,5,7,1
SRR3665256,1,7,1
SRR3665000,0,6,1
SRR1951873,0,7,1
SRR1982132,1,6,1
SRR1514719,5,6,1
SRR2054611,5,6,1
SRR3306202,0,6,1
SRR3210659,0,7,1
SRR3210575,0,6,1
SRR3933047,5,6,
SRR4280627,5,6,
SRR1923640,0,6,
SRR3101880,5,6,
SRR3664843,5,6,
SRR3031870,5,6,
SRR3219163,5,6,
SRR2889979,0,6,
SRR1823708,5,7,
SRR3033305,5,6,
SRR3223756,0,7,
SRR2993804,0,6,
SRR2017861,0,6,
SRR3295791,0,7,
SRR3509886,0,6,
SRR2567009,5,6,
SRR1664275,5,6,
SRR2533557,5,7,
SRR3295847,1,6,1
SRR3082391,1,6,1
SRR3115429,0,7,
SRR2188129,5,6,
SRR3056919,0,6,
SRR3664659,0,6,
SRR3664631,5,7,
SRR3933050,0,7,
SRR1783161,5,6,
SRR4280576,5,6,
SRR1574295,0,6,
SRR3665146,0,6,
SRR3151789,5,6,
SRR3242349,5,6,
SRR2239743,1,6,1
SRR3295514,0,6,
SRR3664942,0,6,
SRR3045984,5,6,
SRR3945763,0,6,
SRR3665125,0,6,
SRR2542488,5,6,
SRR1334638,5,6,
SRR1820092,5,6,
SRR1916389,5,6,
SRR1791384,0,6,
SRR1777703,0,6,
SRR3664607,5,6,
SRR3665144,0,6,
SRR2567155,5,6,
SRR3110331,1,6,1
SRR3933030,5,6,
SRR3664747,0,6,
SRR3663792,5,6,
SRR3295636,5,6,
SRR3098279,5,6,
SRR3295530,5,6,
SRR2227325,0,6,
SRR2188120,1,6,1
SRR3223090,5,6,
SRR1763809,1,6,1
SRR2407555,0,6,
SRR1752720,0,6,
SRR1967103,5,6,
SRR1805614,0,6,
SRR3199873,0,6,
SRR2407714,0,6,
SRR1528478,1,6,1
SRR3509859,0,6,
SRR1573563,0,6,
SRR3933085,0,6,
SRR3203828,5,6,
SRR1664299,5,6,
SRR3664614,5,6,
SRR3295719,0,6,
SRR3664852,5,6,
SRR3664740,1,6,1
SRR3664950,1,6,1
SRR2583951,0,6,
SRR2407640,0,6,
SRR3664671,1,6,1
SRR3664802,0,6,
SRR3295860,0,6,
SRR3214112,0,6,
SRR3664649,5,6,
SRR2962366,0,6,
SRR3223751,1,6,1
SRR1334132,0,6,
SRR1534876,0,6,
SRR3664877,0,6,
SRR1299421,0,6,
SRR2567135,0,6,
SRR2407674,0,6,
SRR3765053,0,6,
SRR3664895,0,6,
SRR3214109,0,6,
SRR3098377,0,6,
SRR3664730,5,6,
SRR3271894,0,6,
SRR2989193,1,6,1
SRR2407689,0,6,
SRR1805628,5,6,
SRR4280574,5,6,
SRR3664779,0,6,
SRR3665255,0,6,
SRR3188160,0,6,
SRR2226882,5,6,
SRR3933042,0,6,
SRR1998955,0,6,
SRR1333872,0,6,
SRR3055288,0,6,
SRR3295643,0,6,
SRR2407697,5,6,
SRR2566999,0,6,
SRR1576018,5,6,
SRR2407713,5,6,
SRR3085620,0,6,
SRR1849371,0,6,
SRR3294536,0,6,
SRR3664838,1,6,1
SRR2989204,0,6,
SRR1544418,5,6,
SRR2085688,0,6,
SRR3099649,0,6,
SRR2566985,5,6,
SRR2989196,0,6,
SRR2566973,1,6,1
SRR3056901,0,6,
SRR2407631,0,6,
SRR3199883,0,6,
SRR3295921,1,6,1
SRR2566910,5,6,
SRR1333870,0,6,
SRR2912642,0,6,
SRR3173700,5,6,
SRR3295764,0,6,
SRR2999648,5,6,
SRR2407685,5,6,
SRR3116153,5,6,
SRR2567205,0,6,
SRR2407579,0,6,
SRR1299372,5,6,
SRR3933079,0,6,
SRR2584393,1,6,1
SRR3665234,5,6,
SRR3242363,0,6,
SRR3295770,0,6,
SRR1646945,5,6,
SRR2567140,0,6,
SRR4019209,0,6,
SRR3664707,5,6,
SRR2407556,0,6,
SRR3096075,0,6,
SRR2407700,0,6,
SRR3665024,0,6,
SRR2054613,0,6,
SRR2566952,5,6,
SRR3147934,5,6,
SRR2227437,0,6,
SRR3664878,0,6,
SRR3242356,0,6,
SRR1588687,0,6,
SRR2919953,0,6,
SRR3295810,5,6,
SRR3099648,5,6,
SRR2567042,0,6,
SRR2939005,0,6,
SRR1752736,1,6,1
SRR3091416,5,6,
SRR3098374,1,6,1
SRR2070980,1,6,1
SRR3295550,0,6,
SRR3664795,0,6,
SRR3665114,1,6,1
SRR1951881,1,6,1
SRR1300640,0,6,
SRR3932949,5,6,
SRR3664873,5,6,
SRR3001180,0,6,
SRR3101895,5,6,
SRR3295644,1,6,1
SRR2637903,5,6,
SRR1752882,1,6,1
SRR1752836,5,6,
SRR2096591,0,6,
SRR3665214,0,6,
SRR3665183,0,6,
SRR2533439,5,6,
SRR2102450,0,6,
SRR1951856,0,6,
SRR2567131,0,6,
SRR2407741,0,6,
SRR1914408,1,6,1
SRR3664670,0,6,
SRR3664919,5,6,
SRR3665294,0,6,
SRR3001172,0,6,
SRR3099615,5,6,
SRR1908925,1,6,1
SRR3664744,0,6,
SRR2407545,0,6,
SRR4280631,0,6,
SRR2962398,5,6,
SRR2993938,1,6,1
SRR2670717,5,6,
SRR1947000,2,6,
SRR3665216,5,6,
SRR3740195,0,6,
SRR4280595,0,6,
SRR3664858,5,6,
SRR3242326,0,6,
SRR2567093,5,6,
SRR3242355,0,6,
SRR3295565,0,6,
SRR2226943,5,6,
SRR2567052,5,6,
SRR2567101,0,6,
SRR3116168,0,6,
SRR3933022,0,6,
SRR2567193,0,6,
SRR3295837,5,6,
SRR3242329,0,6,
SRR3056894,1,6,1
SRR1553799,0,11,
SRR1791274,0,6,
SRR2086981,5,6,
SRR2566881,5,6,
SRR1923643,0,6,
SRR2407677,5,11,
SRR2005915,0,6,
SRR3664839,0,11,
SRR2875423,0,6,
SRR3185038,0,6,
SRR1588662,0,6,
SRR2910990,1,11,
SRR2939561,0,6,
SRR2567057,1,6,1
SRR1982165,0,6,
SRR2976054,0,6,
SRR2670707,0,6,
SRR3271882,5,6,
SRR2566904,0,6,
SRR2648998,0,6,
SRR3295891,2,6,
SRR3295576,0,6,
SRR1791295,1,6,1
SRR2973736,0,6,
SRR2973741,2,6,
SRR2407610,0,6,
SRR3295516,0,11,
SRR3295714,0,6,
SRR3295785,5,6,
SRR2407559,1,6,1
SRR1783173,1,11,
SRR3665281,5,11,
SRR3932929,0,11,
SRR3509863,0,6,
SRR3146656,5,6,
SRR4280596,0,11,
SRR3214102,0,6,
SRR3098375,0,6,
SRR1619548,5,11,
SRR3055294,5,6,
SRR3933083,0,6,
SRR2156498,0,6,
SRR3933053,5,11,
SRR3223089,0,11,
SRR2533450,1,6,1
SRR3089996,0,6,
SRR2070985,0,6,
SRR2082842,0,11,
SRR1334137,0,6,
SRR3932911,0,6,
SRR3115381,5,11,
SRR3098659,0,11,
SRR2939122,0,6,
SRR1946908,1,6,1
SRR3665083,0,11,
SRR2125014,1,6,1
SRR3933001,5,11,
SRR3295888,0,11,
SRR2407635,0,11,
SRR1363283,1,11,
SRR2989206,0,6,
SRR2542481,0,11,
SRR3215341,5,11,
SRR3344471,5,11,
SRR3184157,0,6,
SRR3294534,0,11,
SRR1514700,0,11,
SRR1951845,5,11,
SRR1528535,1,11,
SRR1521589,5,11,
SRR3210562,0,11,
SRR2918187,5,11,
SRR3295782,0,11,
SRR2583954,5,11,
SRR1973648,0,11,
SRR1752834,0,11,
SRR3062667,0,6,
SRR2096539,0,11,
SRR2599650,5,6,
SRR2989194,0,11,
SRR2566906,5,6,
SRR2567102,5,11,
SRR1982201,5,11,
SRR3665019,0,11,
SRR1791383,5,11,
SRR3210389,0,11,
SRR3085533,5,11,
SRR1791386,5,11,
SRR2567021,0,11,
SRR3665120,0,11,
SRR1334288,0,11,
SRR3663789,5,6,
SRR2226880,0,6,
SRR3271897,0,6,
SRR4280586,0,11,
SRR2002468,5,11,
SRR3664970,5,11,
SRR2143495,0,11,
SRR3664809,0,11,
SRR3038499,1,11,
SRR3111262,0,11,
SRR3122764,5,11,
SRR3062688,5,11,
SRR3146662,5,11,
SRR2033920,0,11,
SRR3933075,0,11,
SRR3210390,0,11,
SRR2062216,5,11,
SRR1982187,5,11,
SRR3664675,0,11,
SRR3932950,0,11,
SRR1805588,2,11,
SRR2082949,0,11,
SRR3664644,0,11,
SRR3180032,0,11,
SRR2599661,0,11,
SRR3242358,0,11,
SRR3509890,0,11,
SRR3295761,0,11,
SRR2636953,0,11,
SRR2407569,0,11,
SRR3932964,0,11,
SRR3085615,0,11,
SRR2407625,0,11,
SRR1588671,0,11,
SRR2583945,1,11,
SRR2566982,5,11,
SRR3038512,5,11,
SRR1583145,0,11,
SRR3116162,0,11,
SRR2510826,5,11,
SRR2102523,0,11,
SRR3295706,1,11,
SRR1619529,0,11,
SRR2407628,5,11,
SRR3665091,1,11,
SRR3210559,5,11,
SRR2962404,0,11,
SRR2566942,0,11,
SRR2669159,5,11,
SRR4019214,0,11,
SRR2082856,0,11,
SRR2917938,0,11,
SRR1909006,0,11,
SRR3217375,0,11,
SRR2071016,0,11,
SRR2407768,0,11,
SRR3665215,0,11,
SRR2226821,5,11,
SRR3098650,0,11,
SRR3664800,5,11,
SRR2407720,0,11,
SRR3306210,5,11,
SRR1646547,5,11,
SRR1556988,0,11,
SRR1909005,0,11,
SRR2981107,0,11,
SRR1553842,0,11,
SRR3115190,5,11,
SRR1982194,0,11,
SRR3665306,5,11,
SRR2583963,5,11,
SRR1615088,5,11,
SRR3294533,0,11,
SRR3098653,0,11,
SRR2567050,0,11,
SRR2566911,0,11,
SRR2071015,0,11,
SRR3210567,0,11,
SRR3933004,0,11,
SRR3932957,1,11,
SRR3665198,5,8,
SRR3664922,0,11,
SRR3664817,0,11,
SRR2407546,2,11,
SRR2567128,5,11,
SRR1646556,1,11,
SRR3096720,0,11,
SRR3115438,0,11,
SRR1973885,0,11,
SRR3000039,0,11,
SRR1812845,5,11,
SRR1812850,0,11,
SRR3146659,0,11,
SRR2407686,1,11,
SRR3932951,0,11,
SRR2566976,5,11,
SRR2407557,1,11,
SRR1793260,5,11,
SRR3295523,0,11,
SRR3122773,0,11,
SRR2912643,1,11,
SRR2584397,0,8,
SRR1973682,0,11,
SRR3664850,5,11,
SRR3306212,5,11,
SRR1574288,0,11,
SRR1813446,5,11,
SRR1773592,2,11,
SRR3182544,5,11,
SRR3330221,0,8,
SRR2510831,0,11,
SRR2407795,5,11,
SRR3932914,0,11,
SRR3173522,0,11,
SRR3001176,5,8,
SRR3194569,0,11,
SRR2407687,0,11,
SRR2567017,5,8,
SRR2533548,0,11,
SRR3110474,5,11,
SRR3295938,0,11,
SRR3062669,0,11,
SRR3664689,5,11,
SRR3665206,0,8,
SRR3295952,0,11,
SRR2567109,5,11,
SRR3933049,0,11,
SRR2228225,0,11,
SRR1812820,5,11,
SRR3057231,0,11,
SRR3509870,0,11,
SRR3295655,5,8,
SRR1946953,0,11,
SRR3665069,0,11,
SRR2542486,5,11,
SRR2566865,0,11,
SRR1820091,0,8,
SRR1812841,0,11,
SRR3156388,0,11,
SRR3210572,5,8,
SRR3664901,0,8,
SRR3098277,1,11,
SRR3116161,0,11,
SRR2407706,5,8,
SRR3057227,1,11,
SRR3399996,5,11,
SRR3295932,0,11,
SRR3664784,0,8,
SRR3210558,5,8,
SRR3664926,0,11,
SRR3330243,0,11,
SRR3663793,0,11,
SRR3173554,0,11,
SRR2567106,0,11,
SRR3664841,0,11,
SRR3151798,0,11,
SRR3664933,5,8,
SRR3098640,0,11,
SRR3295954,3,11,
SRR3085617,5,11,
SRR3932933,0,11,
SRR3295730,5,11,
SRR3115378,0,8,
SRR3295831,0,8,
SRR3096095,0,8,
SRR2670705,0,11,
SRR3295652,0,11,
SRR3184194,5,11,
SRR1528511,0,11,
SRR3295645,5,8,
SRR2567198,0,8,
SRR1609688,5,8,
SRR2407581,0,11,
SRR3664866,0,8,
SRR3665182,0,11,
SRR3664821,0,8,
SRR2584392,5,8,
SRR3173540,5,8,
SRR3110470,5,8,
SRR2407789,5,8,
SRR2939006,0,8,
SRR3664936,0,8,
SRR3096081,1,8,
SRR3664814,5,8,
SRR3509868,0,8,
SRR3933002,0,11,
SRR3665084,0,8,
SRR3214125,0,11,
SRR3062687,0,8,
SRR2533339,1,11,
SRR1598888,0,8,
SRR1793242,5,11,
SRR3056911,5,8,
SRR3038500,5,8,
SRR1544231,0,8,
SRR2407609,0,8,
SRR3038515,5,8,
SRR3295729,1,8,
SRR1646930,0,8,
SRR3147932,0,8,
SRR1980733,5,8,
SRR3214104,5,8,
SRR1763828,5,11,
SRR3082390,0,11,
SRR3665059,0,8,
SRR3062666,0,8,
SRR3180041,0,8,
SRR2584388,0,8,
SRR4238014,1,11,
SRR2566894,0,11,
SRR3665016,0,8,
SRR3295603,0,8,
SRR2039148,0,8,
SRR3151793,0,8,
SRR3295596,0,8,
SRR2407800,0,8,
SRR1583090,5,8,
SRR3295881,0,8,
SRR1334785,0,8,
SRR2962356,0,8,
SRR2973727,5,8,
SRR2917939,1,8,
SRR2078283,0,8,
SRR2584400,1,8,
SRR1646944,1,8,
SRR3295592,0,8,
SRR2566954,0,11,
SRR3664799,0,8,
SRR3295902,0,8,
SRR1556947,5,8,
SRR2407639,5,8,
SRR3214113,0,8,
SRR3932956,1,8,
SRR3665147,0,8,
SRR1973721,0,8,
SRR3122770,1,8,
SRR2567056,0,8,
SRR3740199,0,8,
SRR2407612,5,8,
SRR2016700,0,8,
SRR3225366,5,8,
SRR2566987,0,8,
SRR2407573,0,8,
SRR1528493,5,8,
SRR3214108,5,8,
SRR1609692,5,8,
SRR3665305,0,8,
SRR3295775,0,8,
SRR3295713,0,8,
SRR3294526,0,8,
SRR3182550,5,8,
SRR2407740,0,8,
SRR3740189,5,8,
SRR3933027,0,8,
SRR3146658,0,8,
SRR3664630,5,8,
SRR2533379,5,11,
SRR3664668,5,8,
SRR2407696,1,8,
SRR1299366,0,8,
SRR3665205,0,8,
SRR3295664,0,8,
SRR1823681,0,8,
SRR3663795,0,8,
SRR2566875,0,8,
SRR1615946,1,8,
SRR3932995,0,8,
SRR2567197,0,8,
SRR2407558,0,8,
SRR2829112,1,8,
SRR3295733,0,8,
SRR3932985,0,8,
SRR2567034,0,11,
SRR3180046,1,8,
SRR1598887,0,8,
SRR3665220,0,8,
SRR1588674,0,8,
SRR3509880,0,8,
SRR3271881,0,8,
SRR3091333,5,8,
SRR3110476,0,8,
SRR4280635,0,8,
SRR1334138,5,8,
SRR3932966,5,8,
SRR1646942,0,8,
SRR2533553,5,8,
SRR3295560,5,8,
SRR1562580,5,8,
SRR2407719,0,8,
SRR4280591,0,8,
SRR3188261,0,8,
SRR3418279,0,8,
SRR1521569,0,8,
SRR3664780,1,8,
SRR1646555,0,8,
SRR2584316,0,8,
SRR2567121,5,8,
SRR3664882,0,8,
SRR2962406,5,8,
SRR3096719,0,8,
SRR2407707,0,8,
SRR3664632,0,8,
SRR2567199,1,8,
SRR3116166,0,8,
SRR2566915,0,8,
SRR3665168,5,8,
SRR2407775,5,8,
SRR3664888,5,8,
SRR3198629,5,8,
SRR1562593,0,8,
SRR1299379,5,8,
SRR3098654,5,8,
SRR3418283,5,8,
SRR2407595,1,8,
SRR1334376,5,8,
SRR1334789,0,8,
SRR2407599,0,8,
SRR2981109,5,8,
SRR3185046,0,8,
SRR3210566,0,8,
SRR2962395,1,8,
SRR3663786,5,8,
SRR1980731,0,8,
SRR2910994,0,8,
SRR2999649,0,8,
SRR3098270,1,8,
SRR3665248,5,8,
SRR3173684,0,8,
SRR2239949,0,8,
SRR2566992,1,8,
SRR2648752,0,8,
SRR2407648,0,8,
SRR1619597,5,8,
SRR2989566,5,8,
SRR3219158,0,8,
SRR3096702,1,8,
SRR3146663,0,8,
SRR2583958,1,8,
SRR2566866,5,8,
SRR3210392,5,8,
SRR3295568,5,8,
SRR1951842,0,8,
SRR3664770,1,8,
SRR2567025,0,8,
SRR3400000,0,8,
SRR1631193,0,8,
SRR3136895,0,10,
SRR2533549,1,8,
SRR3547958,1,8,
SRR2062218,5,8,
SRR2533559,0,8,
SRR3665086,0,8,
SRR2407751,0,8,
SRR1609686,1,8,
SRR3664914,1,8,
SRR3418293,0,8,
SRR3199879,0,8,
SRR3295768,0,8,
SRR2567061,0,8,
SRR3295715,5,10,
SRR2648753,1,10,
SRR2567049,0,8,
SRR2567027,5,8,
SRR3665104,5,8,
SRR3664931,5,8,
SRR3001171,0,10,
SRR2071081,5,10,
SRR1801550,0,8,
SRR2407652,5,10,
SRR1767788,0,8,
SRR3115222,0,8,
SRR3295759,0,8,
SRR3295889,1,8,
SRR3664855,0,8,
SRR3173552,0,8,
SRR1598882,0,8,
SRR1951833,0,8,
SRR3224089,0,8,
SRR3289761,0,8,
SRR3933024,0,8,
SRR2567022,1,8,
SRR3199872,0,8,
SRR1951875,0,8,
SRR3116160,0,8,
SRR2567001,5,10,
SRR2533333,0,8,
SRR3085522,5,10,
SRR3664637,5,10,
SRR3000029,5,8,
SRR2533484,0,8,
SRR3111274,0,10,
SRR3295914,0,10,
SRR2407718,2,8,
SRR2567115,0,8,
SRR2566912,0,8,
SRR3295751,5,8,
SRR2143501,0,10,
SRR3184169,1,10,
SRR1763810,0,8,
SRR1946905,0,8,
SRR3295638,0,8,
SRR3295679,0,10,
SRR1334223,0,8,
SRR3509867,0,8,
SRR3665252,5,10,
SRR3664938,0,10,
SRR1334379,5,10,
SRR2889983,5,8,
SRR2002456,1,8,
SRR3182546,0,8,
SRR3665050,0,10,
SRR3295840,0,10,
SRR3173686,5,8,
SRR3111261,0,10,
SRR3115223,1,10,
SRR2567160,1,8,
SRR2567074,0,8,
SRR3223102,5,10,
SRR2989200,5,10,
SRR3665203,5,8,
SRR3295908,5,10,
SRR3665042,0,8,
SRR3116165,5,10,
SRR2064107,5,10,
SRR3098263,5,10,
SRR1544295,0,10,
SRR3295595,1,8,
SRR1556964,0,10,
SRR2407739,0,10,
SRR3344472,1,10,
SRR3198624,0,8,
SRR3344460,5,10,
SRR1947002,5,8,
SRR3665100,5,10,
SRR3295693,1,10,
SRR3295610,0,10,
SRR3509882,0,8,
SRR3056932,0,10,
SRR2981112,5,10,
SRR2407600,5,10,
SRR3664851,0,10,
SRR2566967,5,8,
SRR3509892,0,10,
SRR1598880,5,10,
SRR3219186,5,10,
SRR3509871,0,10,
SRR3664836,5,10,
SRR2912640,5,10,
SRR2670625,5,8,
SRR2566882,0,10,
SRR3098642,1,10,
SRR1791377,5,10,
SRR2407761,0,10,
SRR2566921,5,10,
SRR2017850,0,10,
SRR2407731,0,10,
SRR1574320,0,10,
SRR3295797,0,10,
SRR2566925,5,10,
SRR1574281,0,10,
SRR1534878,1,10,
SRR1951865,0,10,
SRR3664674,0,10,
SRR3295765,5,10,
SRR2567018,0,10,
SRR3096033,5,10,
SRR3091335,0,10,
SRR2533343,0,10,
SRR3210570,0,10,
SRR3664804,0,10,
SRR3085528,5,10,
SRR3173701,0,10,
SRR2102412,0,10,
SRR3096085,0,10,
SRR1544325,0,10,
SRR3056909,0,10,
SRR1973854,0,10,
SRR3295835,5,10,
SRR2542458,0,8,
SRR3295616,0,10,
SRR2567003,0,10,
SRR1574310,0,10,
SRR3933081,0,10,
SRR2584398,5,10,
SRR2567100,0,10,
SRR3289767,1,10,
SRR3330382,5,10,
SRR2054609,1,10,
SRR3664723,5,10,
SRR2407725,0,10,
SRR1793241,5,10,
SRR3664985,0,10,
SRR1646928,5,10,
SRR3295762,0,10,
SRR2062215,0,10,
SRR1619594,0,10,
SRR3664959,0,10,
SRR2566895,0,10,
SRR3509889,0,10,
SRR3085513,5,10,
SRR2962663,0,10,
SRR3295642,0,10,
SRR1783201,5,10,
SRR3452360,1,10,
SRR3295542,0,10,
SRR2407655,1,10,
SRR3664865,0,10,
SRR3295728,0,10,
SRR2070987,0,10,
SRR3295711,0,10,
SRR2567211,0,10,
SRR3295743,5,10,
SRR3933065,0,10,
SRR3740186,5,10,
SRR3664968,0,10,
SRR3122767,0,10,
SRR1813427,0,10,
SRR3057223,0,10,
SRR2407688,0,10,
SRR3933067,0,10,
SRR3131143,0,10,
SRR3098264,5,10,
SRR3115186,0,10,
SRR3294530,5,10,
SRR3418286,0,10,
SRR2962359,5,10,
SRR1664261,5,10,
SRR3173559,0,10,
SRR2156584,0,10,
SRR1752886,0,10,
SRR3509884,5,10,
SRR3295604,0,10,
SRR3098376,0,10,
SRR2669161,0,10,
SRR1556074,1,10,
SRR3185039,0,10,
SRR3295753,0,10,
SRR3199875,5,10,
SRR3330376,5,10,
SRR2889981,0,10,
SRR1544392,5,10,
SRR3665267,5,10,
SRR3214103,5,10,
SRR2917937,0,10,
SRR3295735,5,10,
SRR2911789,0,10,
SRR3664870,0,10,
SRR3664886,5,10,
SRR1588665,0,10,
SRR2973703,0,10,
SRR3295903,0,5,
SRR1752820,0,10,
SRR3295893,0,10,
SRR2567060,0,5,
SRR1528494,0,10,
SRR3271891,0,10,
SRR3151796,0,10,
SRR3115230,1,10,
SRR3664756,0,10,
SRR3096703,0,10,
SRR1773631,0,10,
SRR1973701,5,10,
SRR2407543,0,10,
SRR3664678,0,10,
SRR2533483,0,10,
SRR2125022,0,10,
SRR3188257,1,10,
SRR3664864,0,10,
SRR3111266,5,5,
SRR2566978,1,10,
SRR3330229,1,10,
SRR1812788,0,10,
SRR3664759,0,10,
SRR3180052,0,10,
SRR2567161,0,10,
SRR3295758,0,10,
SRR3038502,0,10,
SRR3000018,0,10,
SRR1982207,0,10,
SRR1609684,5,10,
SRR3031868,5,10,
SRR2583961,0,10,
SRR2533350,0,10,
SRR2082937,0,10,
SRR1951876,0,10,
SRR3933069,1,10,
SRR3306281,0,10,
SRR3000049,0,10,
SRR1664293,0,10,
SRR2078197,0,10,
SRR3219139,0,5,
SRR3295801,0,10,
SRR2017857,5,10,
SRR1823688,0,10,
SRR3295594,0,10,
SRR2407621,5,10,
SRR3295506,0,10,
SRR3665239,0,10,
SRR3242364,0,10,
SRR3664980,5,10,
SRR2407629,5,10,
SRR3295574,0,10,
SRR3664993,0,10,
SRR3116159,0,10,
SRR1300634,5,10,
SRR1300605,5,10,
SRR2054607,5,10,
SRR2917942,5,10,
SRR2567014,5,10,
SRR1619527,0,10,
SRR3289771,5,10,
SRR3664955,5,5,
SRR3664764,5,10,
SRR2407627,0,10,
SRR2102443,5,5,
SRR3173550,0,5,
SRR2566892,0,5,
SRR4280598,0,10,
SRR1793263,0,10,
SRR2566998,0,10,
SRR2567159,0,5,
SRR3295830,0,5,
SRR3199876,1,10,
SRR2973723,0,5,
SRR3664610,0,10,
SRR3295892,0,10,
SRR3665036,0,10,
SRR3184183,0,5,
SRR3665072,5,10,
SRR3199871,0,10,
SRR3295554,1,10,
SRR3173526,5,5,
SRR1562607,0,5,
SRR3664863,5,10,
SRR3045973,5,10,
SRR2407742,0,5,
SRR1812835,0,10,
SRR3111271,0,10,
SRR3665199,0,10,
SRR3664772,0,10,
SRR2599648,5,5,
SRR1793245,1,10,
SRR3151797,0,5,
SRR2407594,0,5,
SRR3665237,5,5,
SRR1631181,0,5,
SRR1583153,5,5,
SRR2407675,0,10,
SRR3932984,0,10,
SRR2407570,0,5,
SRR2962362,0,10,
SRR3664604,0,5,
SRR2070982,0,5,
SRR2239760,0,5,
SRR2239959,5,10,
SRR1914406,0,5,
SRR3210388,1,5,
SRR3115189,0,5,
SRR3289768,0,5,
SRR2973831,0,5,
SRR3101833,1,10,
SRR3765177,5,5,
SRR3664743,5,5,
SRR3665230,0,10,
SRR3116156,0,10,
SRR3295957,0,5,
SRR1619556,0,10,
SRR3664654,5,5,
SRR3099620,0,5,
SRR3664897,0,5,
SRR3933028,0,5,
SRR3180048,5,5,
SRR3148240,0,5,
SRR3295658,0,10,
SRR2962900,5,5,
SRR3933064,5,5,
SRR1980736,0,5,
SRR1793262,5,10,
SRR1334225,1,5,
SRR3115232,5,10,
SRR1521559,0,5,
SRR4280617,0,5,
SRR3295666,5,10,
SRR3185036,0,5,
SRR3295766,5,10,
SRR1553809,5,5,
SRR2566873,0,5,
SRR3001179,0,5,
SRR3271890,1,5,
SRR3664727,1,5,
SRR3198625,0,5,
SRR3295680,5,10,
SRR2407781,5,5,
SRR1951846,1,10,
SRR3509861,0,5,
SRR2584391,0,5,
SRR3295597,0,5,
SRR3664655,5,5,
SRR1534888,0,5,
SRR3110330,0,5,
SRR2648196,5,5,
SRR2973708,5,5,
SRR1946967,0,10,
SRR1631191,0,10,
SRR2566878,1,5,
SRR3664622,0,5,
SRR3062676,0,5,
SRR2566937,0,5,
SRR3932968,0,10,
SRR1583108,5,5,
SRR3295933,0,5,
SRR4280624,5,5,
SRR2567058,0,5,
SRR2670706,0,5,
SRR3664846,5,5,
SRR3933000,0,5,
SRR3295547,0,5,
SRR4280597,5,5,
SRR1544372,1,5,
SRR1820093,1,5,
SRR2566936,1,5,
SRR3115200,0,10,
SRR3295772,5,5,
SRR2567023,1,5,
SRR3295651,5,5,
SRR3664954,0,5,
SRR3101838,0,5,
SRR2017884,0,5,
SRR3509860,0,5,
SRR2566988,0,5,
SRR3173687,0,5,
SRR1573566,5,5,
SRR1646549,5,5,
SRR1910751,0,5,
SRR3146666,0,5,
SRR2533383,5,5,
SRR3295786,0,5,
SRR3146661,0,5,
SRR3219179,0,5,
SRR2143502,1,5,
SRR2568400,5,5,
SRR2939127,5,5,
SRR2567175,0,5,
SRR3295712,0,5,
SRR1982220,5,5,
SRR3056914,0,5,
SRR3663787,0,5,
SRR2648749,0,5,
SRR3330375,0,5,
SRR2054614,5,10,
SRR2016696,0,5,
SRR2670660,0,5,
SRR3509904,5,5,
SRR3330219,5,5,
SRR1923642,0,5,
SRR1849376,0,5,
SRR2638018,5,5,
SRR3665308,0,5,
SRR3295732,0,5,
SRR3295820,5,10,
SRR3210560,0,5,
SRR1528525,5,5,
SRR1573567,5,5,
SRR2533456,0,5,
SRR1793264,1,5,
SRR3223153,0,5,
SRR1777705,0,5,
SRR1946956,0,5,
SRR3933082,5,5,
SRR1528473,0,5,
SRR2407567,0,5,
SRR2567117,1,5,
SRR3000031,0,5,
SRR1544433,5,5,
SRR3664830,0,5,
SRR3664664,5,5,
SRR2566968,5,5,
SRR3399997,0,5,
SRR3665130,0,5,
SRR3664808,0,5,
SRR3185050,0,5,
SRR2407753,5,5,
SRR2567013,0,5,
SRR3173524,5,5,
SRR3665313,0,5,
SRR3330216,5,5,
SRR3096090,1,5,
SRR3001177,0,5,
SRR3096718,0,5,
SRR1299301,5,5,
SRR3295528,5,5,
SRR2982345,5,5,
SRR3096102,0,5,
SRR3665186,5,5,
SRR3664623,0,5,
SRR2568389,0,5,
SRR3665285,5,5,
SRR3306215,0,5,
SRR2829313,0,5,
SRR3055287,0,5,
SRR3295541,0,5,
SRR1631187,0,5,
SRR3147927,0,5,
SRR3223094,5,5,
SRR1333880,1,5,
SRR3096030,0,5,
SRR3242343,0,5,
SRR2102431,0,5,
SRR3045974,5,5,
SRR2566984,0,5,
SRR3182548,1,5,
SRR2566960,5,5,
SRR1646946,0,5,
SRR1783202,0,5,
SRR3156392,5,5,
SRR2064118,0,5,
SRR2407578,0,5,
SRR3295856,1,5,
SRR3091340,5,5,
SRR3665204,0,5,
SRR3085526,0,5,
SRR3665197,0,5,
SRR3664847,1,5,
SRR1849406,0,5,
SRR3664647,0,5,
SRR1631189,0,5,
SRR2566872,0,5,
SRR3038516,5,5,
SRR2533490,5,5,
SRR3295779,0,5,
SRR3295937,0,5,
SRR1752721,0,5,
SRR1946971,1,5,
SRR2636955,1,5,
SRR4280619,1,5,
SRR3740194,5,5,
SRR2962902,1,5,
SRR2566901,0,5,
SRR2566938,5,5,
SRR1528495,0,5,
SRR3225369,0,5,
SRR3933043,5,5,
SRR3057226,5,5,
SRR3295721,5,5,
SRR3295757,0,5,
SRR3111272,0,5,
SRR2583949,0,5,
SRR1598876,5,5,
SRR3933036,0,5,
SRR2407786,0,5,
SRR3295872,0,5,
SRR2407548,0,5,
SRR3096710,0,5,
SRR3173553,0,5,
SRR3295533,5,5,
SRR3295784,0,5,
SRR2599651,0,5,
SRR1334224,0,5,
SRR2064127,5,5,
SRR1334784,5,5,
SRR3091347,5,5,
SRR3295614,0,5,
SRR1528505,0,5,
SRR3945762,0,5,
SRR3199884,0,5,
SRR3295605,0,5,
SRR3933072,5,5,
SRR1801733,5,5,
SRR2533444,0,5,
SRR2156575,0,5,
SRR2973707,0,5,
SRR3932937,1,5,
SRR2566869,5,1,5
SRR1534824,5,5,
SRR3932928,5,5,
SRR3740188,0,5,
SRR3306285,0,5,
SRR2407790,0,5,
SRR2102413,0,5,
SRR2533437,0,5,
SRR3096089,1,5,
SRR3664986,0,5,
SRR3210569,1,5,
SRR3665295,5,5,
SRR2567005,0,5,
SRR3764720,5,5,
SRR3295740,0,5,
SRR3606590,0,5,
SRR3295531,0,5,
SRR2567126,0,5,
SRR3665232,0,5,
SRR3110328,5,5,
SRR2407779,5,5,
SRR3664903,0,5,
SRR3295539,0,5,
SRR1619528,0,5,
SRR2407568,1,5,
SRR2071082,0,5,
SRR2981108,0,5,
SRR3932983,0,5,
SRR3295859,0,5,
SRR2104584,5,1,5
SRR2407651,5,5,
SRR1767789,0,1,
SRR1664272,5,5,
SRR2542497,0,5,
SRR1973982,1,5,
SRR1300645,5,5,
SRR2567088,0,5,
SRR3090001,0,5,
SRR3062689,0,5,
SRR2510825,0,5,
SRR3664803,0,5,
SRR3295573,0,5,
SRR3056918,0,5,
SRR3131241,0,5,
SRR3110324,1,5,
SRR3665029,5,5,
SRR2407564,0,5,
SRR3295570,0,5,
SRR2567002,1,5,
SRR3173551,0,5,
SRR3664711,5,1,5
SRR2533453,1,5,
SRR3295635,0,5,
SRR2407611,0,5,
SRR3096032,0,5,
SRR2567171,0,5,
SRR4280593,5,5,
SRR1299398,5,5,
SRR3045976,0,5,
SRR2227323,0,5,
SRR3306204,5,5,
SRR3665052,0,5,
SRR3295910,0,5,
SRR3203832,0,5,
SRR3665275,0,5,
SRR3664911,5,5,
SRR3295898,0,1,
SRR3295923,0,1,
SRR3665291,0,5,
SRR1562608,0,5,
SRR3932976,0,5,
SRR3173557,0,5,
SRR3295522,0,5,
SRR2125027,0,1,
SRR3664990,5,5,
SRR2568394,0,1,
SRR3295703,0,5,
SRR4280614,0,1,
SRR4280601,0,1,
SRR2649002,0,5,
SRR1544370,0,5,
SRR2989205,0,5,
SRR3056927,0,5,
SRR4280630,5,5,
SRR3664791,0,1,
SRR1773836,0,5,
SRR2533436,0,1,
SRR1299278,0,5,
SRR2064125,0,5,
SRR3225370,0,5,
SRR4280567,0,5,
SRR3933013,0,5,
SRR2989568,0,1,
SRR2989207,0,1,
SRR3509891,0,1,
SRR3122772,0,1,
SRR3295747,0,1,
SRR2407670,0,1,
SRR2566935,1,1,
SRR3344473,0,5,
SRR2567011,5,1,5
SRR1973838,5,5,
SRR2407623,0,5,
SRR3295808,0,1,
SRR3330378,0,1,
SRR2407615,2,1,
SRR2228224,0,1,
SRR2533347,0,5,
SRR1544192,0,1,
SRR2989562,0,1,
SRR3210556,5,1,5
SRR3185052,0,5,
SRR3182549,0,5,
SRR3933045,0,5,
SRR2082950,1,5,
SRR3664672,0,1,
SRR3223154,1,1,
SRR3933033,0,1,
SRR3665119,5,1,5
SRR3664713,0,1,
SRR1773640,5,1,5
SRR3665047,0,1,
SRR3765176,0,1,
SRR3223758,0,1,
SRR3344469,0,1,
SRR1767810,0,1,
SRR3091418,5,1,5
SRR1773838,1,5,
SRR2016699,0,1,
SRR3098651,5,1,5
SRR1813426,5,5,
SRR3156383,0,5,
SRR1534879,5,1,5
SRR2912654,5,5,
SRR3932959,0,1,
SRR2829310,0,5,
SRR1631195,0,1,
SRR3091345,0,5,
SRR3295657,5,1,5
SRR3146574,0,5,
SRR2407544,0,5,
SRR3330220,0,1,
SRR2566997,0,1,
SRR3210663,5,1,5
SRR3664900,0,1,
SRR3664860,0,5,
SRR3055291,0,5,
SRR3091350,5,5,
SRR3490010,5,1,5
SRR3664976,0,1,
SRR3096100,0,5,
SRR2567206,5,1,5
SRR1767766,0,5,
SRR3057218,0,1,
SRR1553781,0,1,
SRR2407758,0,1,
SRR3151801,0,1,
SRR1528470,5,1,5
SRR3210573,0,1,
SRR1783203,0,1,
SRR2918183,5,1,5
SRR1528508,0,1,
SRR1631190,0,1,
SRR3099645,5,1,5
SRR3932969,0,1,
SRR3664738,1,5,
SRR3219178,1,1,
SRR3099623,0,1,
SRR2407738,0,1,
SRR1793243,0,1,
SRR3295690,0,1,
SRR1574278,1,1,
SRR3665105,5,1,5
SRR3242341,5,1,5
SRR1575963,0,5,
SRR3664778,0,1,
SRR3110299,0,1,
SRR2566975,0,1,
SRR2918190,0,1,
SRR3509858,5,1,5
SRR3933057,0,1,
SRR3295580,0,1,
SRR1793261,5,1,5
SRR3110464,5,1,5
SRR3116197,5,1,5
SRR1333886,0,1,
SRR3057222,5,1,5
SRR2156497,5,1,5
SRR3664930,5,1,5
SRR2829106,5,1,5
SRR3111269,0,1,
SRR1619602,0,1,
SRR2156504,0,5,
SRR3399992,0,1,
SRR1916387,0,1,
SRR3295899,5,1,5
SRR1980610,0,1,
SRR4280610,0,1,
SRR3110465,2,1,
SRR3932965,5,1,5
SRR3664962,0,1,
SRR2567059,5,1,5
SRR2407764,1,1,
SRR3082389,1,1,
SRR2567151,5,1,5
SRR2566884,0,1,
SRR3295790,0,1,
SRR2567129,4,1,
SRR3033304,5,1,5
SRR3665088,0,1,
SRR2583956,0,1,
SRR2533458,5,1,5
SRR1598884,5,1,5
SRR3098658,0,1,
SRR2910989,5,1,5
SRR2533552,5,1,5
SRR3665057,0,1,
SRR3116158,0,1,
SRR2078282,0,1,
SRR2407678,0,1,
SRR3210650,5,1,5
SRR3665160,0,1,
SRR3188258,5,1,5
SRR2567019,0,1,
SRR3664701,0,1,
SRR3664786,0,1,
SRR3173698,5,1,5
SRR3664913,1,1,
SRR3001181,0,1,
SRR1553843,0,1,
SRR3295697,5,1,5
SRR2407661,5,1,5
SRR1609687,1,1,
SRR2638070,0,1,
SRR3295591,5,1,5
SRR3295852,5,1,5
SRR3664663,5,1,5
SRR3295935,5,1,5
SRR3089999,2,1,
SRR3665159,5,1,5
SRR3289770,0,1,
SRR3089994,0,1,
SRR1773630,5,1,5
SRR1292319,5,1,5
SRR3156389,0,1,
SRR3295812,5,1,5
SRR3184156,5,1,5
SRR2670704,0,1,
SRR3214107,5,1,5
SRR3932962,5,1,5
SRR3606589,0,1,
SRR1334486,0,1,
SRR3306286,5,1,5
SRR3052023,1,1,
SRR2143433,0,1,
SRR3664646,5,1,5
SRR3330248,0,1,
SRR3057216,5,1,5
SRR2407712,0,1,
SRR3665070,5,1,5
SRR1544424,5,1,5
SRR3110479,0,1,
SRR2064126,5,1,5
SRR2078196,1,1,
SRR2568391,0,1,
SRR3295567,0,1,
SRR2567039,5,1,5
SRR3664667,0,1,
SRR1914405,0,1,
SRR3110325,0,1,
SRR4280584,0,1,
SRR3664753,0,1,
SRR3295720,0,1,
SRR1951844,0,1,
SRR3295799,0,1,
SRR3185044,5,1,5
SRR3191435,0,1,
SRR3664693,5,1,5
SRR1777673,5,1,5
SRR2567178,0,1,
SRR2533341,5,1,5
SRR3089990,0,1,
SRR2407614,0,1,
SRR3156385,5,1,5
SRR3156381,5,1,5
SRR3932915,0,1,
SRR3136898,0,1,
SRR3664605,0,1,
SRR2407724,1,1,
SRR2015797,0,1,
SRR3664767,5,1,5
SRR3115202,0,1,
SRR4280585,0,1,
SRR2054606,0,1,
SRR3210655,0,1,
SRR4280643,5,1,5
SRR3664944,5,1,5
SRR3115242,0,1,
SRR1609695,0,1,
SRR3091328,0,1,
SRR3664898,0,1,
SRR3099644,0,1,
SRR3932887,0,1,
SRR3089993,5,1,5
SRR2917940,0,1,
SRR3295689,5,1,5
SRR2407787,5,1,5
SRR2567167,0,1,
SRR2669158,0,1,
SRR3045981,0,1,
SRR1974083,0,1,
SRR3295846,0,1,
SRR2071080,0,1,
SRR3295832,0,1,
SRR2407802,0,1,
SRR3295901,5,1,5
SRR3664832,0,1,
SRR3295750,5,1,5
SRR3295949,0,1,
SRR3295792,0,1,
SRR2670701,5,1,5
SRR3098258,0,1,
SRR2064120,5,1,5
SRR4280647,0,1,
SRR3045977,5,1,5
SRR1805582,0,1,
SRR3399991,5,1,5
SRR3490011,5,1,5
SRR2070989,5,1,5
SRR2567133,0,1,
SRR3932905,0,1,
SRR2979519,0,1,
SRR3184158,5,1,5
SRR2407575,0,1,
SRR2962396,0,1,
SRR2070986,0,1,
SRR3184192,5,1,5
SRR3344464,0,1,
SRR2188119,0,1,
SRR3664613,0,1,
SRR2567046,5,1,5
SRR2567150,5,1,5
SRR2973706,5,1,5
SRR3136894,5,1,5
SRR1947012,0,1,
SRR2989197,0,1,
SRR3033321,2,1,
SRR3098267,0,1,
SRR1752848,0,1,
SRR3173696,5,1,5
SRR2566867,5,1,5
SRR2566929,0,1,
SRR3198627,5,1,5
SRR2533446,0,1,
SRR2567195,0,1,
SRR2637879,5,1,5
SRR1908996,0,1,
SRR2078202,1,1,
SRR2918184,5,1,5
SRR3933073,0,1,
SRR2973725,1,1,
SRR3184184,0,1,
SRR1783212,5,1,5
SRR2096613,1,1,
SRR3099653,0,1,
SRR2583957,5,1,5
SRR1300649,5,1,5
SRR3295842,0,1,
SRR3664902,0,1,
SRR3219180,0,1,
SRR3052018,5,1,5
SRR3295684,0,1,
SRR1998972,0,1,
SRR2567166,1,1,
SRR1914403,0,1,
SRR3932901,0,1,
SRR3091329,0,1,
SRR2533545,0,1,
SRR3295964,0,1,
SRR3062673,5,1,5
SRR1752870,5,1,5
SRR2670703,0,1,
SRR3289814,0,1,
SRR1752779,1,1,
SRR3664612,0,1,
SRR2542461,0,1,
SRR3664609,0,1,
SRR2002476,0,1,
SRR3745546,0,1,
SRR2962899,5,1,5
SRR2829110,0,1,
SRR3932979,0,1,
SRR2125038,5,1,5
SRR4280636,1,1,
SRR3090000,5,1,5
SRR2407762,0,1,
SRR1791276,5,1,5
SRR2566977,0,1,
SRR3210391,0,1,
SRR3295670,5,1,5
SRR3295947,1,1,
SRR1521594,0,1,
SRR2533546,0,1,
SRR2568392,0,1,
SRR3198626,5,1,5
SRR3295965,0,1,
SRR2567180,5,1,5
SRR3056931,0,1,
SRR2033914,0,1,
SRR2567041,5,1,5
SRR4280569,0,1,
SRR3098274,0,1,
SRR3665045,0,1,
SRR2912655,0,1,
SRR3295509,5,1,5
SRR3085525,0,1,
SRR3664991,0,1,
SRR3173697,0,1,
SRR1609681,1,1,
SRR1521576,0,1,
SRR1556982,0,1,
SRR3663791,0,4,
SRR3052020,1,1,
SRR3289809,5,1,5
SRR4280607,0,1,
SRR3664937,5,1,5
SRR2670694,0,1,
SRR2962403,0,1,
SRR2973739,5,1,5
SRR3185045,5,1,5
SRR3664812,5,1,5
SRR3146657,1,1,
SRR3295776,0,1,
SRR2533488,0,1,
SRR2407630,0,1,
SRR2566876,5,1,5
SRR3665101,0,1,
SRR2567010,0,1,
SRR2407744,5,1,5
SRR2062217,5,1,5
SRR2407663,5,1,5
SRR3664709,0,1,
SRR3665218,5,1,5
SRR3116163,0,4,
SRR1544182,5,4,
SRR3295906,5,1,5
SRR2542453,5,1,5
SRR1849405,0,1,
SRR1951866,0,1,
SRR1773837,5,1,5
SRR3033325,5,1,5
SRR3664891,0,1,
SRR3101830,0,1,
SRR3665103,0,1,
SRR3665085,0,1,
SRR2533351,0,1,
SRR2407653,5,1,5
SRR2033915,5,1,5
SRR2143474,0,1,
SRR1777707,0,4,
SRR2648740,5,1,5
SRR1574314,5,1,5
SRR3021488,0,1,
SRR2407601,0,1,
SRR1974001,0,1,
SRR2567051,1,4,
SRR4280564,0,1,
SRR3664703,0,1,
SRR1646564,0,1,
SRR1801537,0,1,
SRR1562579,0,1,
SRR2567191,5,1,5
SRR3933059,0,1,
SRR1767815,0,1,
SRR1363278,5,1,5
SRR1767798,0,1,
SRR2533381,0,1,
SRR2533382,0,1,
SRR1783220,0,1,
SRR3664932,0,1,
SRR1299364,0,1,
SRR2567068,0,4,
SRR3740198,0,1,
SRR1777672,0,1,
SRR3115231,0,4,
SRR3664677,0,1,
SRR3223091,0,1,
SRR3055308,0,1,
SRR3146665,5,1,5
SRR2188126,0,1,
SRR3664733,0,1,
SRR1544207,0,1,
SRR1951852,0,1,
SRR3110480,0,1,
SRR3085619,0,1,
SRR2407538,1,1,
SRR3000048,5,1,5
SRR1793246,0,1,
SRR2566981,1,1,
SRR2015694,5,1,5
SRR3038498,0,4,
SRR3665023,5,1,5
SRR1791378,0,1,
SRR3289812,0,1,
SRR3295780,5,1,5
SRR1333879,5,1,5
SRR3295738,0,1,
SRR3664978,0,1,
SRR3932934,5,1,5
SRR3085523,0,4,
SRR3098647,0,1,
SRR1544238,0,1,
SRR1908939,5,4,
SRR4019218,0,1,
SRR4280594,0,1,
SRR3151788,0,4,
SRR3664849,0,1,
SRR4280637,5,1,5
SRR2533443,0,1,
SRR3057219,0,1,
SRR2566868,0,1,
SRR1544152,1,1,
SRR2670716,0,1,
SRR3932892,1,1,
SRR3295677,0,1,
SRR2532631,0,4,
SRR2510827,0,1,
SRR2567035,5,1,5
SRR2407534,5,1,5
SRR1980739,0,4,
SRR1588690,0,4,
SRR3330222,5,4,
SRR3098259,0,1,
SRR2407571,0,4,
SRR2567189,0,4,
SRR3214115,1,4,
SRR3188255,5,1,5
SRR2912659,0,4,
SRR2407771,5,1,5
SRR3295572,5,4,
SRR3098649,0,1,
SRR3180036,5,1,5
SRR2566946,1,4,
SRR1334639,0,1,
SRR2002486,0,1,
SRR3101898,0,1,
SRR1805603,0,1,
SRR3115432,0,4,
SRR1910773,5,4,
SRR1544299,1,1,
SRR3045983,0,1,
SRR3306203,0,1,
SRR2962361,0,1,
SRR1556097,5,4,
SRR3665093,0,4,
SRR2407550,0,1,
SRR2533337,5,4,
SRR3664941,0,4,
SRR3295694,0,4,
SRR1849386,0,1,
SRR3223100,5,4,
SRR3933031,0,4,
SRR1923644,1,4,
SRR2567016,0,4,
SRR3933040,0,4,
SRR1556983,0,1,
SRR2566883,5,4,
SRR3664828,0,1,
SRR3148312,1,4,
SRR3664773,0,1,
SRR3665054,0,1,
SRR1574261,0,4,
SRR3188161,5,1,5
SRR2567047,0,4,
SRR2407755,1,4,
SRR2407537,0,4,
SRR3184185,5,4,
SRR2407618,0,1,
SRR1823709,0,4,
SRR1334482,0,4,
SRR3664687,0,4,
SRR3295896,5,4,
SRR2599658,0,4,
SRR1583121,0,1,
SRR3664909,1,4,
SRR3295537,0,1,
SRR3664627,0,4,
SRR3295879,5,4,
SRR3295634,0,4,
SRR1982151,0,4,
SRR2002481,0,1,
SRR3295941,0,4,
SRR2566922,1,1,
SRR1763829,0,4,
SRR2533543,0,4,
SRR3932936,0,4,
SRR2542483,1,4,
SRR3223754,0,4,
SRR1556973,5,1,5
SRR2889978,0,1,
SRR2567136,5,1,5
SRR2566926,5,4,
SRR1664285,0,1,
SRR3665258,5,4,
SRR3173683,5,1,5
SRR3111270,0,4,
SRR2989192,5,4,
SRR2566957,5,4,
SRR3509862,0,4,
SRR3210379,5,1,5
SRR4019220,5,4,
SRR2973700,0,4,
SRR3933074,5,4,
SRR2567145,0,1,
SRR1534903,0,1,
SRR3182555,5,4,
SRR2670713,0,4,
SRR1946860,0,4,
SRR2999652,0,4,
SRR2239757,0,4,
SRR3294538,5,4,
SRR3665238,0,4,
SRR3091346,0,4,
SRR3664801,0,4,
SRR1300604,0,4,
SRR3664662,1,4,
SRR3665065,0,4,
SRR3295853,0,4,
SRR2918196,0,4,
SRR3665272,0,4,
SRR2407626,5,4,
SRR3210564,5,4,
SRR1562587,5,4,
SRR2599653,5,1,5
SRR3295611,0,4,
SRR3110329,5,4,
SRR2567118,5,4,
SRR3184116,5,4,
SRR2567148,1,4,
SRR2973705,0,4,
SRR2973833,0,4,
SRR2125020,0,4,
SRR3295532,0,4,
SRR3295865,5,4,
SRR3194568,5,4,
SRR3932986,0,4,
SRR2982336,5,4,
SRR3664948,0,1,
SRR3330245,0,4,
SRR2407749,5,4,
SRR2407673,5,4,
SRR2542480,0,4,
SRR3932916,5,4,
SRR3223155,5,4,
SRR3509887,0,4,
SRR3295963,0,4,
SRR3098656,5,4,
SRR1849329,0,4,
SRR3115226,0,4,
SRR3664754,5,4,
SRR3052024,0,4,
SRR2407729,0,4,
SRR3289808,0,4,
SRR2993931,0,4,
SRR2532791,0,4,
SRR3295515,0,1,
SRR3740192,0,1,
SRR2568393,0,4,
SRR3665009,0,4,
SRR3215339,0,4,
SRR3295674,5,4,
SRR2979523,0,4,
SRR2993806,5,4,
SRR2567207,0,4,
SRR3330388,5,4,
SRR2962399,0,4,
SRR2407637,0,4,
SRR2566932,1,4,
SRR3085520,5,4,
SRR3146571,0,4,
SRR2567037,5,4,
SRR2407659,5,4,
SRR2920118,0,4,
SRR3147924,0,1,
SRR1773591,0,4,
SRR2962887,1,4,
SRR3295868,5,4,
SRR3116164,5,4,
SRR1763852,5,4,
SRR3932889,0,4,
SRR1588692,0,4,
SRR3295967,5,4,
SRR3057229,0,4,
SRR2102389,5,4,
SRR3665111,0,4,
SRR1813455,5,4,
SRR3664757,0,4,
SRR3330242,5,4,
SRR2533448,5,4,
SRR3330249,0,4,
SRR3085614,0,4,
SRR3146668,0,4,
SRR2982338,1,4,
SRR2979526,0,4,
SRR1528471,0,4,
SRR3188256,5,4,
SRR3219140,1,4,
SRR1544229,0,4,
SRR1300670,5,4,
SRR2566962,5,4,
SRR3289766,0,4,
SRR3665131,0,4,
SRR3184189,0,4,
SRR3295585,1,4,
SRR2239741,0,4,
SRR3091415,0,4,
SRR3295618,5,4,
SRR1752821,0,4,
SRR3289764,0,4,
SRR1763849,0,4,
SRR1528529,0,4,
SRR4019211,0,4,
SRR1631183,5,4,
SRR1752735,5,4,
SRR1973720,0,4,
SRR3330600,5,4,
SRR3184168,0,4,
SRR2407590,0,4,
SRR3344462,1,4,
SRR3664894,1,4,
SRR3664708,1,4,
SRR1544213,0,4,
SRR3932903,0,4,
SRR1791296,0,4,
SRR3932994,5,4,
SRR1923645,5,4,
SRR3033320,0,4,
SRR1783218,0,4,
SRR3664729,0,4,
SRR2533331,0,4,
SRR3664876,5,4,
SRR2407737,5,4,
SRR2567210,0,4,
SRR2567063,0,4,
SRR3115201,0,4,
SRR3330379,0,4,
SRR3000040,0,4,
SRR3101882,0,4,
SRR3452361,0,4,
SRR1812844,5,4,
SRR2532632,5,4,
SRR3062682,0,4,
SRR1916370,0,4,
SRR2407745,0,4,
SRR2982340,0,4,
SRR3295663,0,4,
SRR3509874,0,4,
SRR1973816,0,4,
SRR2962888,0,4,
SRR2156613,0,4,
SRR3295855,5,4,
SRR3664694,0,4,
SRR3295553,0,4,
SRR1544198,0,4,
SRR3665221,5,4,
SRR2143482,0,4,
SRR3664666,0,4,
SRR3295688,1,4,
SRR3294531,0,4,
SRR2407552,0,4,
SRR3664642,1,4,
SRR3295695,5,4,
SRR2973701,1,4,
SRR1574316,0,4,
SRR3271886,5,4,
SRR2567012,0,4,
SRR3665005,0,4,
SRR2567122,1,4,
SRR2407592,5,4,
SRR2989210,5,4,
SRR3173556,0,4,
SRR3062670,5,4,
SRR1598885,1,4,
SRR3098644,5,4,
SRR1544415,0,4,
SRR2962898,5,4,
SRR2962360,0,4,
SRR3185051,0,4,
SRR3295931,5,3,
SRR2096590,1,4,
SRR3000038,1,4,
SRR3295699,0,4,
SRR1777667,0,4,
SRR2566902,5,4,
SRR1767777,0,4,
SRR3665121,0,4,
SRR3665110,5,4,
SRR3091414,0,4,
SRR1763853,5,4,
SRR3295763,5,4,
SRR3110326,5,4,
SRR3289796,0,4,
SRR3182552,5,4,
SRR3098269,5,4,
SRR1646541,5,4,
SRR1528481,5,4,
SRR3664619,1,4,
SRR2085752,1,3,
SRR3932942,1,4,
SRR3052029,5,4,
SRR3111264,0,4,
SRR3000047,0,4,
SRR1801543,5,3,
SRR3223149,5,4,
SRR2407769,0,4,
SRR3096031,0,4,
SRR3509865,0,4,
SRR3052019,0,4,
SRR3330247,5,4,
SRR2567183,0,4,
SRR1556946,0,4,
SRR3665073,0,4,
SRR2567026,0,4,
SRR1752893,0,4,
SRR3665122,5,4,
SRR3295746,5,4,
SRR4280616,0,4,
SRR2407646,0,4,
SRR3101888,0,4,
SRR1553769,0,3,
SRR3664625,0,3,
SRR3295615,0,3,
SRR3330231,0,4,
SRR4280583,0,4,
SRR3289797,0,3,
SRR3295723,0,4,
SRR3295873,0,3,
SRR3664856,5,4,
SRR2533555,0,4,
SRR2062222,5,4,
SRR3295884,5,3,
SRR1333866,0,3,
SRR1752719,1,3,
SRR2407633,5,4,
SRR2567132,5,4,
SRR3085611,5,4,
SRR1946915,5,4,
SRR3295871,0,4,
SRR3933029,0,4,
SRR2566874,0,4,
SRR3295928,0,4,
SRR3295650,0,4,
SRR2407602,0,3,
SRR2542487,0,4,
SRR3295692,0,3,
SRR3295824,0,4,
SRR3745543,0,4,
SRR2567038,0,3,
SRR2567024,0,4,
SRR2016683,0,4,
SRR3295555,0,3,
SRR3664890,5,3,
SRR2533542,0,3,
SRR2407796,5,4,
SRR3295841,0,4,
SRR3198632,0,4,
SRR3740191,0,4,
SRR3664983,1,3,
SRR2015791,5,3,
SRR3665309,1,3,
SRR2407565,0,4,
SRR3295806,5,3,
SRR1619553,0,3,
SRR2407680,0,4,
SRR3665280,0,4,
SRR1664265,5,3,
SRR3330383,5,4,
SRR1583085,0,4,
SRR2542452,0,3,
SRR3210381,0,4,
SRR3664945,0,3,
SRR3215344,0,4,
SRR1982211,0,4,
SRR3932880,5,3,
SRR3194571,0,3,
SRR2532718,5,4,
SRR2532785,0,3,
SRR1528506,0,4,
SRR2407616,0,4,
SRR2566930,5,4,
SRR3295507,5,3,
SRR3330224,0,3,
SRR2962393,0,3,
SRR3056930,5,3,
SRR1801732,5,3,
SRR3664748,0,3,
SRR3664720,1,3,
SRR3111273,0,3,
SRR1334129,5,3,
SRR3101881,0,3,
SRR3052025,5,3,
SRR2407722,0,3,
SRR1521597,0,4,
SRR3295665,5,4,
SRR3295795,5,3,
SRR3098275,0,3,
SRR3242365,0,3,
SRR3932944,5,3,
SRR3664904,0,3,
SRR3052017,0,3,
SRR1534880,5,3,
SRR3096088,0,3,
SRR3295641,5,4,
SRR2015709,0,3,
SRR1363276,0,3,
SRR4280589,5,3,
SRR2567190,0,4,
SRR3224092,0,3,
SRR3665037,0,3,
SRR3295602,0,3,
SRR2407619,0,4,
SRR3664831,0,3,
SRR3101879,5,3,
SRR3665108,0,3,
SRR3665188,0,3,
SRR3664805,5,3,
SRR2993937,5,3,
SRR3933012,0,3,
SRR2407793,0,3,
SRR3295702,0,3,
SRR3295582,0,3,
SRR3098271,0,3,
SRR3199877,0,3,
SRR2567146,0,3,
SRR1664264,0,3,
SRR2567124,5,3,
SRR3242361,0,3,
SRR3932947,1,3,
SRR2407692,0,3,
SRR2566983,0,3,
SRR2567043,0,3,
SRR2918194,5,3,
SRR3665241,0,3,
SRR2064108,1,3,
SRR3217372,0,3,
SRR1646941,0,4,
SRR1588686,5,3,
SRR3057220,0,3,
SRR3219161,5,3,
SRR2566956,0,3,
SRR2407778,0,3,
SRR2567186,0,3,
SRR2566908,0,4,
SRR3219184,0,3,
SRR1631194,5,3,
SRR2017879,0,3,
SRR2533327,0,3,
SRR3184187,0,3,
SRR1822293,0,3,
SRR2976055,0,3,
SRR3180045,0,3,
SRR3330225,5,3,
SRR3664924,5,3,
SRR2583952,5,3,
SRR3932967,0,3,
SRR2407691,5,3,
SRR1849395,0,3,
SRR3098662,0,3,
SRR1951851,1,3,
SRR3664957,0,3,
SRR2648195,5,3,
SRR3199880,5,3,
SRR3295850,0,3,
SRR4280644,0,3,
SRR2648755,5,3,
SRR3932946,0,3,
SRR3295575,1,3,
SRR2919946,5,3,
SRR3295691,0,3,
SRR4280562,0,3,
SRR3289800,1,3,
SRR3289813,0,3,
SRR2533459,0,3,
SRR3115185,1,3,
SRR2982342,0,3,
SRR2085784,0,3,
SRR2911795,0,3,
SRR3056899,1,3,
SRR3295912,0,3,
SRR3115192,0,3,
SRR3210393,0,3,
SRR3295545,0,3,
SRR3665118,5,3,
SRR2407617,0,3,
SRR3210660,0,3,
SRR1774031,1,3,
SRR3932943,0,3,
SRR2239758,0,3,
SRR2566889,0,3,
SRR2989209,0,3,
SRR3289784,0,3,
SRR2962363,0,3,
SRR2567075,0,3,
SRR3664628,5,3,
SRR1562633,5,3,
SRR2017873,5,3,
SRR3933014,0,3,
SRR2918185,5,3,
SRR2567204,5,3,
SRR2103410,1,3,
SRR2670691,0,3,
SRR2670714,5,3,
SRR3509857,0,3,
SRR2533576,0,3,
SRR2533556,5,3,
SRR3224095,0,3,
SRR3295907,0,3,
SRR2566871,0,3,
SRR2533342,5,3,
SRR3055290,0,3,
SRR3116192,0,3,
SRR3096084,0,3,
SRR2017874,0,3,
SRR2567073,5,3,
SRR3115218,0,3,
SRR2566916,0,3,
SRR3096082,5,3,
SRR3295924,5,3,
SRR1916371,1,3,
SRR3933034,0,3,
SRR1573571,0,3,
SRR2670698,5,3,
SRR2566963,5,3,
SRR3670105,5,3,
SRR2567176,0,3,
SRR2017862,0,3,
SRR1982114,5,3,
SRR2407681,0,3,
SRR1528483,0,3,
SRR1544414,0,3,
SRR3021493,0,3,
SRR2082841,0,3,
SRR2648750,0,3,
SRR1363331,0,3,
SRR1521571,5,3,
SRR2064122,5,3,
SRR3295675,0,3,
SRR1556088,5,3,
SRR1773634,0,3,
SRR3098283,0,3,
SRR2407632,0,3,
SRR3217374,5,3,
SRR2102404,0,3,
SRR2407716,1,3,
SRR3932904,0,3,
SRR2973724,0,3,
SRR3110463,5,3,
SRR1556071,5,3,
SRR3664974,5,3,
SRR2670697,0,3,
SRR2912645,0,3,
SRR2407597,5,3,
SRR2407728,0,3,
SRR1583119,5,3,
SRR3664726,5,3,
SRR2064117,5,3,
SRR3932907,5,3,
SRR4280609,0,3,
SRR1664271,0,3,
SRR3098660,0,3,
SRR1767819,0,3,
SRR3665028,0,3,
SRR2584401,0,3,
SRR1300629,0,3,
SRR2096621,0,3,
SRR3664734,0,3,
SRR3664712,0,3,
SRR3110475,0,3,
SRR2911791,0,3,
SRR3665192,0,3,
SRR1823684,0,3,
SRR4280578,5,3,
SRR2982344,0,3,
SRR2566931,0,3,
SRR3062686,1,3,
SRR3096076,0,3,
SRR2078205,0,3,
SRR3085618,5,3,
SRR3764681,0,3,
SRR3210385,0,3,
SRR1812825,0,3,
SRR3219160,0,3,
SRR1951843,5,3,
SRR2566900,5,3,
SRR2973704,0,3,
SRR2973702,0,3,
SRR1823711,5,3,
SRR2407535,0,3,
SRR2533442,1,3,
SRR2143480,0,3,
SRR1588685,0,3,
SRR1914396,0,3,
SRR3664947,0,3,
SRR1773628,0,3,
SRR3223099,0,3,
SRR3033306,5,3,
SRR3933044,5,3,
SRR2542494,0,3,
SRR3993888,5,3,
SRR3664868,0,3,
SRR3271893,0,3,
SRR4280580,5,3,
SRR3098293,5,3,
SRR3056917,1,3,
SRR4280646,5,3,
SRR3199874,0,3,
SRR3188260,5,3,
SRR3056906,0,3,
SRR3000046,0,3,
SRR2239756,5,3,
SRR3289769,0,3,
SRR2533454,5,3,
SRR2567149,5,3,
SRR1946938,0,3,
SRR4280603,0,3,
SRR2567111,5,3,
SRR3223148,0,3,
SRR3932913,0,3,
SRR1615091,5,3,
SRR2407636,5,3,
SRR1583138,0,3,
SRR1300663,0,3,
SRR2239738,0,3,
SRR1292273,5,3,
SRR3210563,0,3,
SRR3223156,0,3,
SRR3664818,0,3,
SRR3664611,0,3,
SRR1646540,0,3,
SRR3344465,1,3,
SRR3665317,1,3,
SRR2566928,0,9,
SRR3665219,0,3,
SRR2407586,5,3,
SRR3295821,0,3,
SRR2829171,1,3,
SRR3184123,5,3,
SRR1980618,5,3,
SRR2143493,2,3,
SRR3096083,0,3,
SRR2889980,5,3,
SRR3664989,0,3,
SRR1849385,0,3,
SRR2912641,5,3,
SRR3665014,1,3,
SRR3115234,0,3,
SRR3933021,5,3,
SRR3665276,5,3,
SRR2533329,5,3,
SRR3295579,0,3,
SRR2567062,0,3,
SRR3933052,0,3,
SRR3664994,0,9,
SRR3295557,5,3,
SRR2566920,0,3,
SRR3330602,5,3,
SRR3210658,0,3,
SRR2407580,5,3,
SRR1980617,0,3,
SRR3033303,1,3,
SRR2567089,5,3,
SRR2973754,1,3,
SRR2533485,0,3,
SRR2567139,5,3,
SRR3664826,5,3,
SRR2962402,5,3,
SRR2566898,0,3,
SRR3031824,5,3,
SRR2102388,0,3,
SRR1557007,1,3,
SRR2962367,0,9,
SRR3933068,5,3,
SRR3295844,0,9,
SRR1556084,0,3,
SRR3173558,0,9,
SRR2567085,5,3,
SRR3740200,0,3,
SRR2407656,5,3,
SRR1556980,5,3,
SRR4280628,0,3,
SRR3344461,0,3,
SRR3306206,0,3,
SRR2131386,5,3,
SRR3210384,0,3,
SRR1631185,2,3,
SRR2533460,5,3,
SRR2566958,0,3,
SRR3122771,0,3,
SRR3932885,0,3,
SRR2567114,5,3,
SRR3306283,5,9,
SRR2648194,0,3,
SRR3664769,0,3,
SRR2939124,0,3,
SRR3664683,0,3,
SRR2533335,0,3,
SRR1573572,0,3,
SRR3055305,5,3,
SRR1556997,0,3,
SRR3000037,0,3,
SRR1557002,0,3,
SRR2533482,5,3,
SRR3099650,0,3,
SRR2670661,0,9,
SRR3227049,0,9,
SRR3098272,5,9,
SRR3509873,5,3,
SRR3932999,0,9,
SRR1528531,0,9,
SRR3295672,5,3,
SRR1556064,5,9,
SRR2407746,0,3,
SRR2532787,5,9,
SRR2002464,0,9,
SRR2567020,5,9,
SRR3295681,0,9,
SRR2542482,0,3,
SRR3932882,1,3,
SRR2567141,5,9,
SRR3052028,5,9,
SRR3156390,0,3,
SRR3295584,5,9,
SRR2566966,0,9,
SRR1534908,0,9,
SRR1299314,0,3,
SRR3173693,0,3,
SRR2407754,0,3,
SRR2533476,0,9,
SRR3664718,0,9,
SRR3038501,5,9,
SRR2584394,5,9,
SRR1646947,0,9,
SRR1946976,5,9,
SRR2567077,0,9,
SRR3110472,0,3,
SRR1752811,5,3,
SRR2227999,0,9,
SRR1544161,0,3,
SRR2599652,0,3,
SRR1573576,0,9,
SRR2566955,0,9,
SRR3082382,0,3,
SRR3664875,5,9,
SRR3932940,0,9,
SRR2017863,5,9,
SRR3295535,0,9,
SRR2583960,0,9,
SRR2407743,5,9,
SRR3932927,5,9,
SRR2962880,1,9,
SRR1752889,0,9,
SRR3295823,0,9,
SRR3031856,5,9,
SRR3295944,0,9,
SRR3664920,0,3,
SRR1973650,0,9,
SRR3115237,5,9,
SRR3664964,0,9,
SRR2228223,0,9,
SRR3932884,0,9,
SRR3664685,0,9,
SRR2584395,0,9,
SRR2829111,5,3,
SRR2568398,5,3,
SRR3665032,0,9,
SRR3665004,0,9,
SRR3289765,0,9,
SRR3664684,5,9,
SRR3665145,0,9,
SRR1767784,0,9,
SRR1823693,5,9,
SRR3932926,0,9,
SRR1556078,0,9,
SRR3665017,0,9,
SRR3295829,0,9,
SRR3115224,5,9,
SRR2078200,0,3,
SRR2973728,0,9,
SRR3184197,0,9,
SRR3295669,0,9,
SRR3096028,5,9,
SRR3085616,5,3,
SRR3664710,5,9,
SRR2016698,0,9,
SRR3295518,0,9,
SRR2993934,5,9,
SRR2533348,0,9,
SRR1946986,0,9,
SRR2103392,0,9,
SRR2670709,0,9,
SRR1791300,0,9,
SRR1619583,5,9,
SRR3210386,1,9,
SRR3184160,0,9,
SRR2982339,0,9,
SRR2567064,5,9,
SRR1646557,5,9,
SRR2407553,5,9,
SRR3932958,1,9,
SRR3062680,0,9,
SRR3099646,5,9,
SRR2407748,0,9,
SRR2125032,0,9,
SRR3664650,5,9,
SRR3547960,0,9,
SRR3143811,0,9,
SRR3664688,5,9,
SRR2567004,0,9,
SRR3665053,5,9,
SRR3223098,0,9,
SRR3055296,0,9,
SRR3664848,0,9,
SRR3400001,5,9,
SRR3198628,0,9,
SRR3932989,5,9,
SRR4280581,0,9,
SRR3664956,0,9,
SRR3184159,0,9,
SRR1664311,0,9,
SRR3295527,5,9,
SRR3933007,5,9,
SRR3136897,1,9,
SRR3173538,5,9,
SRR3289805,0,9,
SRR2103390,0,9,
SRR3295512,5,9,
SRR3180047,5,9,
SRR1822313,0,9,
SRR3665021,0,9,
SRR2567203,5,9,
SRR3295648,0,9,
SRR2962664,0,9,
SRR2648912,1,9,
SRR1588673,5,9,
SRR2982349,5,3,
SRR2407603,0,9,
SRR2533438,0,9,
SRR2566972,5,9,
SRR3210557,0,9,
SRR3295771,5,9,
SRR3295505,0,9,
SRR2407765,0,9,
SRR1946937,5,9,
SRR2226895,1,9,
SRR3115380,1,9,
SRR1763832,0,9,
SRR3000019,1,9,
SRR1556968,0,9,
SRR1534892,5,9,
SRR3091339,0,9,
SRR1646583,0,9,
SRR3219181,0,9,
SRR3223757,1,9,
SRR2533445,0,9,
SRR3185048,0,9,
SRR3242335,0,9,
SRR3210383,0,9,
SRR2407672,5,9,
SRR1774022,5,9,
SRR1619565,0,3,
SRR3295617,0,9,
SRR2583950,0,9,
SRR3052026,1,9,
SRR2533551,0,9,
SRR1914407,5,9,
SRR3606700,5,9,
SRR2533554,5,9,
SRR2064124,5,9,
SRR3215342,0,9,
SRR3173527,5,9,
SRR3000030,5,9,
SRR3295606,0,9,
SRR2103406,5,9,
SRR3933037,5,9,
SRR3052027,0,9,
SRR3665033,0,9,
SRR2939004,0,2,
SRR1947001,0,9,
SRR3295904,0,9,
SRR3306208,5,9,
SRR2567081,0,9,
SRR3295722,5,9,
SRR3665064,5,9,
SRR3295929,5,9,
SRR3180051,0,2,
SRR4019219,1,9,
SRR3210657,0,9,
SRR2567181,0,9,
SRR3101829,0,9,
SRR3665170,0,9,
SRR3122761,0,9,
SRR1573573,5,9,
SRR3271884,0,9,
SRR3665038,0,9,
SRR1598883,0,9,
SRR3110468,0,9,
SRR2533334,0,9,
SRR1822309,0,9,
SRR3295945,5,2,
SRR1849384,0,9,
SRR2082822,0,9,
SRR2532717,0,9,
SRR3082392,0,9,
SRR2566909,5,9,
SRR3295718,5,9,
SRR3932894,0,9,
SRR1528488,1,9,
SRR4280560,5,9,
SRR3664912,0,9,
SRR3000036,1,9,
SRR2102463,0,9,
SRR1946995,0,9,
SRR3665071,0,9,
SRR2407649,0,9,
SRR3665202,0,2,
SRR2567202,0,9,
SRR1300726,0,9,
SRR3224090,0,9,
SRR1556117,1,9,
SRR3096101,5,9,
SRR3000017,5,9,
SRR3295683,0,9,
SRR2566862,5,9,
SRR4280579,0,9,
SRR2648191,5,9,
SRR2533340,0,9,
SRR3295710,0,9,
SRR1783221,5,9,
SRR2533440,0,9,
SRR3665259,5,9,
SRR1588693,0,9,
SRR1556105,1,9,
SRR1752781,0,9,
SRR2062219,0,9,
SRR2226944,0,9,
SRR3173691,5,9,
SRR3115191,0,9,
SRR3295900,5,9,
SRR2407727,5,9,
SRR3664653,0,9,
SRR3664969,0,9,
SRR3295940,5,9,
SRR2567053,1,9,
SRR3664935,0,9,
SRR3085612,0,9,
SRR3665141,0,9,
SRR2982354,0,2,
SRR2568390,0,9,
SRR3664921,0,9,
SRR3664705,5,9,
SRR1823706,1,2,
SRR2567028,1,9,
SRR3664645,1,9,
SRR1973703,5,9,
SRR2566879,5,9,
SRR1767814,1,9,
SRR3098641,0,9,
SRR4280588,1,9,
SRR3665288,0,9,
SRR4280621,0,9,
SRR3330223,0,2,
SRR3665022,5,2,
SRR3664907,5,9,
SRR3330246,0,9,
SRR3151792,5,2,
SRR3490008,5,9,
SRR3056898,0,2,
SRR2567154,5,2,
SRR3148244,0,2,
SRR3056907,0,2,
SRR2567079,5,9,
SRR1646929,0,2,
SRR3664746,5,9,
SRR3194570,0,2,
SRR3933005,5,9,
SRR3664704,0,9,
SRR3021487,5,2,
SRR1363310,0,9,
SRR3111267,0,2,
SRR3295880,0,9,
SRR1562599,0,9,
SRR3295817,2,2,
SRR4280566,0,9,
SRR3665173,0,9,
SRR3111275,0,9,
SRR2407699,0,2,
SRR2407763,0,2,
SRR3242344,5,9,
SRR2407587,0,9,
SRR2670155,5,9,
SRR3122766,1,9,
SRR1528516,5,2,
SRR1583139,0,9,
SRR3295789,5,2,
SRR3664615,0,2,
SRR2533544,0,2,
SRR3664673,0,2,
SRR3116157,0,2,
SRR3399999,5,2,
SRR2407767,5,2,
SRR1823712,5,2,
SRR1556115,0,9,
SRR2239755,5,2,
SRR1946947,0,2,
SRR3215340,0,2,
SRR4280604,0,2,
SRR2542449,0,9,
SRR3665096,0,2,
SRR2917935,5,2,
SRR4280575,0,2,
SRR1773656,1,9,
SRR2070981,0,2,
SRR3665316,0,9,
SRR3099643,0,9,
SRR3057228,0,9,
SRR4280623,0,9,
SRR1791289,5,9,
SRR2584389,0,2,
SRR3933080,0,2,
SRR3151795,0,9,
SRR3110469,5,2,
SRR3330381,5,2,
SRR3665169,5,2,
SRR3173705,5,9,
SRR3665011,0,2,
SRR2407774,0,9,
SRR3418278,0,2,
SRR3664715,0,2,
SRR2407733,5,2,
SRR3664999,5,2,
SRR3306284,1,9,
SRR2962883,0,2,
SRR3295659,0,2,
SRR3295783,0,2,
SRR3664927,0,2,
SRR3089989,0,2,
SRR2566923,1,2,
SRR2533324,5,2,
SRR3224094,5,2,
SRR3096107,0,2,
SRR3295544,0,2,
SRR2533326,0,2,
SRR2670695,0,2,
SRR2407539,5,2,
SRR1544145,0,2,
SRR1573575,0,9,
SRR3295754,5,2,
SRR3933076,0,9,
SRR3052022,5,9,
SRR3091341,1,2,
SRR3664918,0,2,
SRR3664861,5,9,
SRR3185037,0,2,
SRR2567137,0,9,
SRR2989563,5,2,
SRR2989168,5,2,
SRR3295813,5,2,
SRR3665311,0,2,
SRR3933041,0,2,
SRR3091342,0,2,
SRR2567212,0,2,
SRR2566961,0,2,
SRR2566890,0,2,
SRR1615092,5,2,
SRR3182542,0,2,
SRR3664781,0,2,
SRR2962668,0,2,
SRR3185055,0,2,
SRR1791294,0,2,
SRR3664731,5,2,
SRR2407766,5,2,
SRR3330374,0,2,
SRR3664640,1,2,
SRR2567091,0,2,
SRR3056928,0,2,
SRR3210382,5,9,
SRR3295668,5,2,
SRR2566860,0,2,
SRR2670708,0,2,
SRR1609693,5,2,
SRR2407641,0,2,
SRR3096094,1,2,
SRR3096721,0,2,
SRR1562601,0,2,
SRR2599656,5,2,
SRR3665245,0,2,
SRR3295843,5,2,
SRR3295960,0,2,
SRR3295882,5,2,
SRR3932891,0,2,
SRR2002479,0,2,
SRR2567184,0,2,
SRR2002485,0,2,
SRR3295682,5,2,
SRR3933046,0,2,
SRR3933038,5,2,
SRR3664790,0,2,
SRR3664872,0,2,
SRR3664796,5,2,
SRR3156384,5,2,
SRR3062675,0,2,
SRR3665015,0,2,
SRR3295875,0,2,
SRR2670601,0,2,
SRR1822308,1,2,
SRR1951869,0,2,
SRR2407643,5,2,
SRR2567196,0,2,
SRR3932931,0,2,
SRR3188253,5,2,
SRR1534823,1,2,
SRR2981111,0,2,
SRR2919948,5,2,
SRR3223151,0,2,
SRR2156502,5,2,
SRR3664752,0,2,
SRR3295851,0,2,
SRR3664626,0,2,
SRR1951854,0,2,
SRR3665079,0,2,
SRR2962662,0,2,
SRR1528526,1,2,
SRR3116200,0,2,
SRR3665263,0,2,
SRR2567083,0,2,
SRR4280618,0,2,
SRR3664652,5,2,
SRR3664816,0,2,
SRR3932955,5,2,
SRR3295661,0,2,
SRR2226935,0,2,
SRR1583154,5,2,
SRR3664617,5,2,
SRR3289815,0,2,
SRR3223095,0,2,
SRR2143454,5,2,
SRR1553831,0,2,
SRR3330385,5,2,
SRR3665240,5,2,
SRR2407723,0,2,
SRR3146660,0,2,
SRR1646950,5,2,
SRR3173525,5,2,
SRR3082383,0,2,
SRR2566863,0,2,
SRR2533346,0,2,
SRR3932953,5,2,
SRR3295909,0,2,
SRR3664751,5,2,
SRR2973835,0,2,
SRR3664681,0,2,
SRR2407561,0,2,
SRR3295911,0,2,
SRR3295701,5,2,
SRR3115184,0,2,
SRR1951853,0,2,
SRR3214124,0,2,
SRR1363297,0,2,
SRR2567208,5,2,
SRR3664699,5,2,
SRR3932898,1,2,
SRR3933054,0,2,
SRR2670693,0,2,
SRR3136893,0,2,
SRR3664825,5,2,
SRR3399993,5,2,
SRR3294537,5,2,
SRR3664943,5,2,
SRR3098657,5,2,
SRR3665171,0,2,
SRR3665211,0,2,
SRR3932888,0,2,
SRR2566959,5,2,
SRR3295546,0,2,
SRR2829314,5,2,
SRR2829307,5,2,
SRR3665264,0,2,
SRR2989557,0,2,
SRR2993805,5,2,
SRR4280620,5,2,
SRR2566941,0,2,
SRR3295558,5,2,
SRR3184166,0,2,
SRR3344459,1,2,
SRR3295676,5,2,
SRR3090004,1,2,
SRR3664669,0,2,
SRR3110327,5,2,
SRR2407730,0,2,
SRR2973698,5,2,
SRR2724061,0,2,
SRR2875425,5,2,
SRR3664679,0,2,
SRR1973696,5,2,
SRR3110334,5,2,
SRR1521578,0,2,
SRR3295520,5,2,
SRR2567030,0,2,
SRR3289811,5,2,
SRR2532634,0,2,
SRR1534912,0,2,
SRR4280639,0,2,
SRR2637856,5,2,
SRR3664722,0,2,
SRR3740187,0,2,
SRR3306282,0,2,
SRR2017848,0,2,
SRR1534896,0,2,
SRR2567123,0,2,
SRR2567008,0,2,
SRR3932972,0,2,
SRR2078198,0,2,
SRR3056910,5,2,
SRR2910993,0,2,
SRR3664829,5,2,
SRR3242354,5,2,
SRR1588664,0,2,
SRR3188262,0,2,
SRR2919950,0,2,
SRR3091412,5,2,
SRR3664775,0,2,
SRR2962364,0,2,
SRR3664815,0,2,
SRR3098643,0,2,
SRR3295727,0,2,
SRR3096078,0,2,
SRR2227324,5,2,
SRR3933061,0,2,
SRR3933071,0,2,
SRR1664191,1,2,
SRR3147931,5,2,
SRR3096096,0,2,
SRR1791272,0,2,
SRR3136896,0,2,
SRR3295708,5,2,
SRR3056916,5,2,
SRR1609696,0,2,
SRR2407757,5,2,
SRR3933003,0,2,
SRR3295654,0,2,
SRR2407606,0,2,
SRR1574265,0,2,
SRR3306207,0,2,
SRR3665191,0,2,
SRR1752711,0,2,
SRR2567040,0,2,
SRR3295809,5,2,
SRR2638015,5,2,
SRR3214100,0,2,
SRR3182547,0,2,
SRR2993935,0,2,
SRR3665018,1,2,
SRR2989211,5,2,
SRR2102423,5,2,
SRR3665115,5,2,
SRR1556103,0,0,0
SRR3031826,0,2,
SRR2533338,0,2,
SRR2962901,0,2,
SRR3173704,0,2,
SRR2910991,0,2,
SRR3089997,0,2,
SRR3933011,0,2,
SRR4019216,5,2,
SRR2583944,5,2,
SRR1363287,0,2,
SRR2999651,0,2,
SRR2567032,0,2,
SRR3664768,0,0,0
SRR2064116,0,2,
SRR2567094,0,2,
SRR1514750,0,2,
SRR2102383,0,0,0
SRR2533461,5,2,
SRR3418287,0,2,
SRR2912658,5,2,
SRR1598886,0,2,
SRR3295662,5,2,
SRR2533336,5,2,
SRR1812852,1,2,
SRR3151791,0,2,
SRR3932993,0,2,
SRR1299367,0,2,
SRR3665250,0,2,
SRR3219170,0,2,
SRR1619566,0,2,
SRR3295561,0,2,
SRR2566907,0,2,
SRR2669156,5,2,
SRR2407593,5,2,
SRR1646926,0,2,
SRR3295749,5,0,
SRR3021486,0,2,
SRR3330217,0,2,
SRR1534881,5,2,
SRR1521518,0,2,
SRR2407638,5,2,
SRR2568397,5,2,
SRR3665099,0,2,
SRR3295948,0,2,
SRR3295958,0,2,
SRR3223103,0,2,
SRR3099621,0,2,
SRR2078273,5,2,
SRR3295876,5,2,
SRR2567006,0,2,
SRR3664765,5,2,
SRR3210568,0,2,
SRR3151802,0,2,
SRR3664760,0,2,
SRR1793271,0,2,
SRR2188116,1,2,
SRR3271887,0,2,
SRR2047291,0,2,
SRR3055299,0,2,
SRR3115440,0,2,
SRR3057224,0,2,
SRR3665301,0,0,0
SRR1299310,0,2,
SRR1982235,0,2,
SRR3038497,0,2,
SRR3045969,0,0,0
SRR3111265,0,2,
SRR3933006,0,2,
SRR2033916,0,0,0
SRR3295660,1,2,
SRR3932881,0,0,0
SRR3665063,0,2,
SRR3399998,5,2,
SRR2973737,1,2,
SRR3295833,1,2,
SRR1300613,5,2,
SRR2407588,5,2,
SRR3664700,5,2,
SRR2407645,1,2,
SRR3056900,5,0,
SRR3055284,5,2,
SRR3089991,0,0,0
SRR1521581,5,2,
SRR3663790,5,0,
SRR1556085,5,2,
SRR1946891,5,2,
SRR3295885,5,0,
SRR3663783,5,2,
SRR2567112,0,2,
SRR3932997,1,2,
SRR2648198,0,0,0
SRR3665164,0,2,
SRR3271896,5,2,
SRR3933009,0,0,0
SRR2407667,5,2,
SRR3295834,5,2,
SRR3665124,0,0,0
SRR3057217,0,0,0
SRR3664606,1,2,
SRR2917941,5,0,
SRR2566888,5,0,
SRR2407709,0,2,
SRR2567120,0,0,0
SRR3932975,1,0,
SRR3664842,0,0,0
SRR3295716,5,0,
SRR3185089,5,0,
SRR3664887,0,2,
SRR3185056,0,2,
SRR2407654,5,0,
SRR3664806,5,2,
SRR3933039,5,2,
SRR3223150,5,0,
SRR3129703,0,2,
SRR4280640,0,2,
SRR3223101,5,2,
SRR1528507,5,0,
SRR3295589,5,0,
SRR3664854,0,0,0
SRR3295587,0,2,
SRR3110473,5,0,
SRR1998980,0,2,
SRR3664971,0,2,
SRR3295556,0,0,0
SRR1980619,5,2,
SRR2670711,0,0,0
SRR2566899,0,0,0
SRR1951868,0,2,
SRR2567153,0,2,
SRR2070983,0,0,0
SRR3665008,5,2,
SRR3665208,0,2,
SRR3664889,5,0,
SRR3932910,5,2,
SRR2407695,1,0,
SRR3664725,0,2,
SRR2002470,1,0,
SRR1573564,0,2,
SRR2584386,0,0,0
SRR3665296,5,0,
SRR2567105,0,0,0
SRR1916388,5,0,
SRR3933060,5,0,
SRR3740193,0,2,
SRR3664695,0,0,0
SRR2239754,5,0,
SRR3295919,0,0,0
SRR3400013,0,0,0
SRR3242212,0,2,
SRR4019217,1,0,
SRR3294539,0,2,
SRR3223152,5,0,
SRR3295920,0,0,0
SRR2875424,0,2,
SRR1801538,0,0,0
SRR1849407,5,0,
SRR1631192,0,0,0
SRR3214111,0,0,0
SRR2533321,0,0,0
SRR3021491,0,0,0
SRR1646573,0,0,0
SRR2070990,0,0,0
SRR3295667,5,2,
SRR1534885,5,2,
SRR1767753,0,2,
SRR2533384,5,0,
SRR2566964,0,0,0
SRR2567113,0,0,0
SRR3203827,5,0,
SRR3664973,0,0,0
SRR3664616,0,2,
SRR3665074,0,2,
SRR1813447,1,2,
SRR3418288,0,2,
SRR2829308,5,0,
SRR3665030,0,0,0
SRR3180038,0,0,0
SRR2567086,0,0,0
SRR3932893,0,0,0
SRR2188117,0,0,0
SRR3665277,5,0,
SRR2567095,1,0,
SRR2973726,0,0,0
SRR2407620,0,2,
SRR3184191,0,0,0
SRR3295890,1,0,
SRR3146664,0,0,0
SRR3099619,5,2,
SRR3295517,1,2,
SRR3933016,5,2,
SRR2239753,0,0,0
SRR3665310,0,0,0
SRR1544283,0,0,0
SRR3665149,5,2,
SRR1998976,0,0,0
SRR3223097,0,0,0
SRR3147929,1,0,
SRR2962405,5,0,
SRR3664807,1,0,
SRR2533332,0,0,0
SRR2989558,0,0,0
SRR3664750,0,0,0
SRR3664648,0,2,
SRR3001175,0,0,0
SRR2567147,0,2,
SRR3295828,0,0,0
SRR2407784,5,0,
SRR1763808,0,0,0
SRR2407574,0,0,0
SRR4280590,0,0,0
SRR2407666,0,0,0
SRR3198620,5,0,
SRR3665189,5,0,
SRR2919952,1,0,
SRR3180040,0,0,0
SRR3664641,0,0,0
SRR3210653,1,0,
SRR2542498,5,0,
SRR3664811,0,0,0
SRR2567156,5,0,
SRR3131142,0,2,
SRR2989203,0,0,0
SRR1544319,0,0,0
SRR1521560,0,0,0
SRR3210654,0,2,
SRR3664939,5,0,
SRR3665266,0,0,0
SRR3664885,0,0,0
SRR3933017,5,2,
SRR1363301,0,0,0
SRR1534841,1,0,
SRR3933063,0,0,0
SRR2143455,0,0,0
SRR2227603,0,0,0
SRR3664884,0,0,0
SRR3096077,5,0,
SRR3330230,0,0,0
SRR3295781,5,0,
SRR3664682,0,0,0
SRR2920120,0,0,0
SRR3000042,0,0,0
SRR3294529,0,0,0
SRR3664717,0,2,
SRR3242352,5,0,
SRR3932991,1,0,
SRR3665102,5,2,
SRR3295707,5,0,
SRR3295525,5,0,
SRR1947041,0,0,0
SRR2407760,0,0,0
SRR2567092,0,0,0
SRR2102441,0,0,0
SRR2912657,5,0,
SRR3664680,0,0,0
SRR3021492,0,0,0
SRR3295637,0,0,0
SRR3665226,0,0,0
SRR3932908,5,0,
SRR3146670,0,0,0
SRR2188127,0,0,0
SRR2567069,0,2,
SRR3198631,0,0,0
SRR1805623,0,0,0
SRR3664774,5,0,
SRR2064119,0,0,0
SRR2407799,0,0,0
SRR1801548,0,0,0
SRR3932982,5,0,
SRR2829108,0,0,0
SRR3932935,5,0,
SRR2566891,1,0,
SRR2542460,0,2,
SRR3664880,0,0,0
SRR3295755,0,2,
SRR3664749,0,0,0
SRR1752887,0,0,0
SRR3295767,0,0,0
SRR2567103,0,0,0
SRR3664698,0,0,0
SRR2532784,0,0,0
SRR1588663,0,0,0
SRR2566990,1,0,
SRR2227605,1,0,
SRR3664940,0,0,0
SRR3330241,0,0,0
SRR3055319,5,0,
SRR2407540,5,0,
SRR3223096,0,0,0
SRR1637063,0,0,0
SRR2542501,1,0,
SRR2078279,0,2,
SRR3547959,5,0,
SRR3665087,0,0,0
SRR3156387,0,0,0
SRR3664620,0,0,0
SRR1793268,0,0,0
SRR1752885,5,0,
SRR3344463,5,0,
SRR2407752,0,0,0
SRR1763838,0,0,0
SRR2407708,5,0,
SRR3219167,5,0,
SRR1553786,0,0,0
SRR2407721,0,0,0
SRR2638014,1,0,
SRR1982219,1,0,
SRR3242357,0,0,0
SRR2584317,0,0,0
SRR3344458,0,0,0
SRR1946883,0,0,0
SRR3295943,1,0,
SRR2407801,0,0,0
SRR3664853,0,0,0
SRR3098652,0,0,0
SRR3057225,2,0,
SRR3210651,5,0,
SRR3096722,0,0,0
SRR3933086,0,0,0
SRR3116154,1,0,
SRR2407747,0,0,0
SRR3664949,0,0,0
SRR2912653,5,2,
SRR1333881,0,0,0
SRR3091332,0,0,0
SRR3933066,0,0,0
SRR1774017,0,0,0
SRR3330384,0,0,0
SRR2054608,0,0,0
SRR3182556,5,0,
SRR1812867,5,0,
SRR3330603,5,0,
SRR3055289,0,0,0
SRR2583955,0,0,0
SRR1916376,0,0,0
SRR1334372,5,0,
SRR3665193,0,0,0
SRR3295745,5,0,
SRR1951877,0,0,0
SRR3056893,0,0,0
SRR2567179,5,0,
SRR1528479,0,0,0
SRR3289810,5,0,
SRR3115379,0,0,0
SRR2017875,0,0,0
SRR3932948,0,0,0
SRR3933020,0,0,0
SRR3271895,0,0,0
SRR2567054,0,0,0
SRR3214099,0,0,0
SRR3295726,0,0,0
SRR3098296,0,0,0
SRR2567076,0,0,0
SRR2407589,0,0,0
SRR2407782,0,0,0
SRR2188123,1,0,
SRR2407662,0,0,0
SRR3115369,0,0,0
SRR1767830,0,0,0
SRR2567170,0,0,0
SRR3933084,5,0,
SRR3214098,5,0,
SRR3932988,0,0,0
SRR3295819,0,0,0
SRR3664763,0,0,0
SRR1544239,5,0,
SRR2962407,5,0,
SRR1805653,1,0,
SRR3665253,0,0,0
SRR4280605,0,0,0
SRR2599659,1,0,
SRR1783195,5,0,
SRR3664857,5,0,
SRR2542455,0,0,0
SRR1777682,5,0,
SRR3242328,5,0,
SRR1791298,0,0,0
SRR3664661,0,0,0
SRR2829109,5,0,
SRR3665135,0,0,0
SRR3664958,5,0,
SRR3306277,0,0,0
SRR3664787,5,0,
SRR3031827,1,0,
SRR2567125,0,0,0
SRR3146576,0,0,0
SRR3295826,5,0,
SRR3664783,5,0,
SRR1299279,0,0,0
SRR2407798,0,0,0
SRR1528512,5,0,
SRR3295717,5,0,
SRR1556931,0,0,0
SRR4280632,1,0,
SRR2724062,1,0,
SRR2669160,1,0,
SRR2912651,5,0,
SRR3148341,5,0,
SRR3664651,5,0,
SRR2407541,5,0,
SRR1783178,0,0,0
SRR2407682,0,0,0
SRR2567138,0,0,0
SRR3932900,0,0,0
SRR3295748,0,0,0
SRR2039135,0,0,0
SRR2407776,0,0,0
SRR3664665,0,0,0
SRR3665251,1,0,
SRR3665318,5,0,
SRR3101828,5,0,
SRR2568395,0,0,0
SRR1946933,0,0,0
SRR3098278,5,0,
SRR1951870,1,0,
SRR1334672,0,0,0
SRR2910992,0,0,0
SRR3932977,5,0,
SRR2566970,0,0,0
SRR3116196,5,0,
SRR2670718,0,0,0
SRR2407669,0,0,0
SRR2407562,0,0,0
SRR1528521,0,0,0
SRR1553734,5,0,
SRR3091410,5,0,
SRR3665278,0,0,0
SRR3098373,1,0,
SRR3173555,5,0,
SRR3665210,0,0,0
SRR3295700,0,0,0
SRR1528480,5,0,
SRR3665265,0,0,0
SRR1609685,1,0,
SRR2567071,0,0,0
SRR3665282,0,0,0
SRR3664813,0,0,0
SRR2566953,0,0,0
SRR2542489,0,0,0
SRR2989560,0,0,0
SRR1528524,5,0,
SRR2002457,0,0,0
SRR1812805,5,0,
SRR3295849,5,0,
SRR1553905,0,0,0
SRR1299273,5,0,
SRR3184162,0,0,0
SRR2566886,5,0,
SRR2407705,0,0,0
SRR2989189,5,0,
SRR2724065,5,0,
SRR2583943,5,0,
SRR2407536,5,0,
SRR3664928,0,0,0
SRR1793257,0,0,0
SRR2566951,5,0,
SRR3173685,0,0,0
SRR3330226,0,0,0
SRR1664306,1,0,
SRR3184195,5,0,
SRR1363342,5,0,
SRR1752888,1,0,
SRR2567048,5,0,
SRR3295862,0,0,0
SRR1299428,0,0,0
SRR3664789,5,0,
SRR3664798,0,0,0
SRR3665307,0,0,0
SRR1573561,0,0,0
SRR1573574,0,0,0
SRR2407624,5,0,
SRR3101883,0,0,0
SRR3115183,0,0,0
SRR3932941,0,0,0
SRR2989208,2,0,
SRR2017864,2,0,
SRR2566971,0,0,0
SRR2567127,0,0,0
SRR3199882,5,0,
SRR1631182,0,0,0
SRR2054616,0,0,0
SRR3665283,0,0,0
SRR3001178,0,0,0
SRR1619595,0,0,0
SRR2039234,5,0,
SRR3215343,5,0,
SRR3184155,0,0,0
SRR3091417,0,0,0
SRR1544250,0,0,0
SRR3289795,0,0,0
SRR3664879,0,0,0
SRR3295936,0,0,0
SRR2533377,0,0,0
SRR2566896,0,0,0
SRR2156628,5,0,
SRR3147925,5,0,
SRR1777683,1,0,
SRR3082388,5,0,
SRR3122769,0,0,0
SRR1300595,5,0,
SRR3219165,1,0,
SRR3180035,0,0,0
SRR3056904,0,0,0
SRR1916394,5,0,
SRR3295861,5,0,
SRR3418291,5,0,
SRR2407658,5,0,
SRR2407717,5,0,
SRR2532790,0,0,0
SRR3217371,0,0,0
SRR3306213,0,0,0
SRR1752883,0,0,0
SRR3191434,5,0,
SRR3295562,5,0,
SRR2976056,0,0,0
SRR3665062,5,0,
SRR3932883,0,0,0
SRR3664881,0,0,0
SRR1793244,1,0,
SRR2156629,5,0,
SRR2533560,1,0,
SRR3295953,0,0,0
SRR3062672,5,0,
SRR3295705,5,0,
SRR3665137,5,0,
SRR3031869,0,0,0
SRR1774021,0,0,0
SRR3664716,5,0,
SRR2407703,0,0,0
SRR3055310,5,0,
SRR3664633,5,0,
SRR1763863,0,0,0
SRR3182553,0,0,0
SRR3932963,0,0,0
SRR2920121,5,0,
SRR2407650,0,0,0
SRR1299305,5,0,
SRR3098265,1,0,
SRR1609694,0,0,0
SRR3184165,0,0,0
SRR1609691,1,0,
SRR3091344,0,0,0
SRR1820096,5,0,
SRR3932938,5,0,
SRR3295887,0,0,0
SRR3101789,5,0,
SRR3295577,0,0,0
SRR2982356,0,0,0
SRR3295925,0,0,0
SRR2407598,5,0,
SRR2407542,0,0,0
SRR2407772,1,0,
SRR3665161,5,0,
SRR3099614,0,0,0
SRR3664952,5,0,
SRR2911792,5,0,
SRR2533558,5,0,
SRR2567200,0,0,0
SRR3664634,5,0,
SRR2919949,5,0,
SRR3295536,5,0,
SRR3295744,5,0,
SRR3932912,0,0,0
SRR2979527,0,0,0
SRR1946897,0,0,0
SRR2407684,0,0,0
SRR4280563,0,0,0
SRR3000027,0,0,0
SRR2103396,0,0,0
SRR2976052,0,0,0
SRR2533435,0,0,0
SRR3664621,0,0,0
SRR2638017,0,0,0
SRR2911793,5,0,
SRR1574311,1,0,
SRR3665051,0,0,0
SRR1805574,5,0,
SRR3115225,5,0,
SRR2962665,0,0,0
SRR3210664,0,0,0
SRR2911794,0,0,0
SRR1664280,0,0,0
SRR2939007,5,0,
SRR3295951,0,0,0
SRR1822300,5,0,
SRR1982193,5,0,
SRR3665180,0,0,0
SRR4280570,5,0,
SRR2973729,0,0,0
SRR1553846,0,0,0
SRR2015670,0,0,0
SRR3056929,5,0,
SRR3056905,0,0,0
SRR3295599,0,0,0
SRR2542485,5,0,
SRR3664910,0,0,0
SRR3110380,5,0,
SRR3932952,0,0,0
SRR2054612,0,0,0
SRR4280587,5,0,
SRR1823707,0,0,0
SRR2583953,0,0,0
SRR3110466,0,0,0
SRR1910756,0,0,0
SRR3295878,0,0,0
SRR2567192,0,0,0
SRR3665001,0,0,0
SRR1767783,1,0,
SRR1334559,0,0,0
SRR3509866,5,0,
SRR3509864,0,0,0
SRR3664608,0,0,0
SRR3055301,0,0,0
SRR3242211,1,0,
SRR2510833,0,0,0
SRR3295678,5,0,
SRR1528472,5,0,
SRR3665195,5,0,
SRR3031871,0,0,0
SRR3665092,0,0,0
SRR3665201,1,0,
SRR2533380,5,0,
SRR3664845,0,0,0
SRR2533479,5,0,
SRR3214101,5,0,
SRR2989190,0,0,0
SRR3295633,5,0,
SRR3219142,5,0,
SRR2566905,0,0,0
SRR1583122,1,0,
SRR3096704,0,0,0
SRR3665176,0,0,0
SRR2939562,0,0,0
SRR2962365,0,0,0
SRR2566989,0,0,0
SRR3146578,5,0,
SRR3295913,0,0,0
SRR3295787,0,0,0
SRR2939123,0,0,0
SRR3098645,0,0,0
SRR2962897,0,0,0
SRR3664946,5,0,
SRR2939125,1,0,
SRR2533330,5,0,
SRR3225372,0,0,0
SRR2583946,5,0,
SRR3295836,0,0,0
SRR1598879,5,0,
SRR3295632,0,0,0
SRR1299361,0,0,0
SRR3210565,1,0,
SRR3295956,0,0,0
SRR2568403,0,0,0
SRR3173699,5,0,
SRR3665222,0,0,0
SRR3184186,0,0,0
SRR3173560,0,0,0
SRR3056912,0,0,0
SRR1556959,5,0,
SRR2567130,0,0,0
SRR1528536,0,0,0
SRR3210561,0,0,0
SRR3295741,0,0,0
SRR3295773,5,0,
SRR2566944,5,0,
SRR3295942,5,0,
SRR3665217,5,0,
SRR3115238,0,0,0
SRR3295796,0,0,0
SRR3664996,5,0,
SRR1951841,0,0,0
SRR1609683,0,0,0
SRR3295549,5,0,
SRR1763866,5,0,
SRR3664792,0,0,0
SRR3242350,0,0,0
SRR3173563,0,0,0
SRR3933070,5,0,
SRR3664745,5,0,
SRR2533489,0,0,0
SRR2566996,0,0,0
SRR2407554,0,0,0
SRR1334378,0,0,0
SRR1598881,0,0,0
SRR3665067,0,0,0
SRR1805680,5,0,
SRR3665078,5,0,
SRR4280602,0,0,0
SRR3242327,5,0,
SRR2566945,5,0,
SRR2599647,5,0,
SRR3295793,0,0,0
SRR3173702,0,0,0
SRR2973699,0,0,0
SRR1793259,0,0,0
SRR2584399,5,0,
SRR3665127,5,0,
SRR1752727,0,0,0
SRR3295874,0,0,0
SRR4280565,0,0,0
SRR1521526,0,0,0
SRR2227279,0,0,0
SRR3294527,0,0,0
SRR2054610,0,0,0
SRR4280641,0,0,0
SRR3091330,0,0,0
SRR3295731,0,0,0
SRR3031828,5,0,
SRR3295838,5,0,
SRR3664893,0,0,0
SRR2407566,0,0,0
SRR3129298,0,0,0
SRR3295524,0,0,0
SRR3131144,0,0,0
SRR3289806,0,0,0
SRR3191436,5,0,
SRR3271892,0,0,0
SRR3664896,5,0,
SRR2981103,0,0,0
SRR3191439,0,0,0
SRR1562660,0,0,0
SRR2724063,0,0,0
SRR3210574,0,0,0
SRR3295858,0,0,0
SRR2982346,0,0,0
SRR2062220,0,0,0
SRR1951882,5,0,
SRR3330380,0,0,0
SRR3033323,5,0,
SRR3932973,0,0,0
