,id
0,SRR2017877
1,SRR3295788
2,SRR3021489
3,SRR3664822
4,SRR1823687
5,SRR1783200
6,SRR1783179
7,SRR3057221
8,SRR3188162
9,SRR2533477
10,SRR3062674
11,SRR2567152
12,SRR3664635
13,SRR3932981
14,SRR3098262
15,SRR3271840
16,SRR2566974
17,SRR2670715
18,SRR2989195
19,SRR1556965
20,SRR3115221
21,SRR3115233
22,SRR3664624
23,SRR3932919
24,SRR1801547
25,SRR3664658
26,SRR3091411
27,SRR2989564
28,SRR2407702
29,SRR1914404
30,SRR3664810
31,SRR1982179
32,SRR3191438
33,SRR2567031
34,SRR2143475
35,SRR3664721
36,SRR3945764
37,SRR3289807
38,SRR3665284
39,SRR2532788
40,SRR1363326
41,SRR3925188
42,SRR3295934
43,SRR1777670
44,SRR2567065
45,SRR3224096
46,SRR1947037
47,SRR1805624
48,SRR3224091
49,SRR1614996
50,SRR3185054
51,SRR3191437
52,SRR2567044
53,SRR1801539
54,SRR3664844
55,SRR1598874
56,SRR3932978
57,SRR2532635
58,SRR2407797
59,SRR2082862
60,SRR2567182
61,SRR2002487
62,SRR3210662
63,SRR3198630
64,SRR3665157
65,SRR2566870
66,SRR3306287
67,SRR3295608
68,SRR1646548
69,SRR2227612
70,SRR2188122
71,SRR3295927
72,SRR2648754
73,SRR1334673
74,SRR3665243
75,SRR3184188
76,SRR3664871
77,SRR1763850
78,SRR3330244
79,SRR3490009
80,SRR2533344
81,SRR1793258
82,SRR3764719
83,SRR3198619
84,SRR3932917
85,SRR3665076
86,SRR2973722
87,SRR3330377
88,SRR1299309
89,SRR3665315
90,SRR3665271
91,SRR3184114
92,SRR1562658
93,SRR2542493
94,SRR3664766
95,SRR3148245
96,SRR3098260
97,SRR1946913
98,SRR2669157
99,SRR2407665
100,SRR2227278
101,SRR3085613
102,SRR1544391
103,SRR3665153
104,SRR3665260
105,SRR2982351
106,SRR2567096
107,SRR3295815
108,SRR3185049
109,SRR3664823
110,SRR3096098
111,SRR2533480
112,SRR3663788
113,SRR3115243
114,SRR3295866
115,SRR3932980
116,SRR2568399
117,SRR2567033
118,SRR3295529
119,SRR2407668
120,SRR3295950
121,SRR2082840
122,SRR3147928
123,SRR3096104
124,SRR2566924
125,SRR2989201
126,SRR2670699
127,SRR1544425
128,SRR2566880
129,SRR3151800
130,SRR2981105
131,SRR1575954
132,SRR2918189
133,SRR1820097
134,SRR2533486
135,SRR1521586
136,SRR1521525
137,SRR4280638
138,SRR3295915
139,SRR2648197
140,SRR3306279
141,SRR3214105
142,SRR1574259
143,SRR1646948
144,SRR3663784
145,SRR3306209
146,SRR3399995
147,SRR3664636
148,SRR1951840
149,SRR1783199
150,SRR2989202
151,SRR3665209
152,SRR3242334
153,SRR2542457
154,SRR3295869
155,SRR2567157
156,SRR2981113
157,SRR3116167
158,SRR3173523
159,SRR3115188
160,SRR2143476
161,SRR1544168
162,SRR2567110
163,SRR1974084
164,SRR2670624
165,SRR3062685
166,SRR2407613
167,SRR3665300
168,SRR1946974
169,SRR3295857
170,SRR3295886
171,SRR2103391
172,SRR2566969
173,SRR1646531
174,SRR3664706
175,SRR3664923
176,SRR2002480
177,SRR2567045
178,SRR3052021
179,SRR3295827
180,SRR1812831
181,SRR3664776
182,SRR3173565
183,SRR3294535
184,SRR3091349
185,SRR2407547
186,SRR3223755
187,SRR3056921
188,SRR3664984
189,SRR2407583
190,SRR2989567
191,SRR2962667
192,SRR3932961
193,SRR2015825
194,SRR1363330
195,SRR1822310
196,SRR1299380
197,SRR3664934
198,SRR2566986
199,SRR3295818
200,SRR4280645
201,SRR3295839
202,SRR1951867
203,SRR1849414
204,SRR2407679
205,SRR2567165
206,SRR1946922
207,SRR3188259
208,SRR2407792
209,SRR3295752
210,SRR3295897
211,SRR3045972
212,SRR1822294
213,SRR3295519
214,SRR2407734
215,SRR3665094
216,SRR2407647
217,SRR3295647
218,SRR1801549
219,SRR4280613
220,SRR3295739
221,SRR3122768
222,SRR3664915
223,SRR3932924
224,SRR2567168
225,SRR3295534
226,SRR3295552
227,SRR2599655
228,SRR3242351
229,SRR2407533
230,SRR3295671
231,SRR2566859
232,SRR1752860
233,SRR1752901
234,SRR3664874
235,SRR3740190
236,SRR2566903
237,SRR1752827
238,SRR1299285
239,SRR2567070
240,SRR3033302
241,SRR3295946
242,SRR3664905
243,SRR1544371
244,SRR2533441
245,SRR3052030
246,SRR2566914
247,SRR3225367
248,SRR3062668
249,SRR2407664
250,SRR2566948
251,SRR2407773
252,SRR3664741
253,SRR3665256
254,SRR3665000
255,SRR1951873
256,SRR1982132
257,SRR1514719
258,SRR2054611
259,SRR3306202
260,SRR3210659
261,SRR3210575
262,SRR3933047
263,SRR4280627
264,SRR1923640
265,SRR3101880
266,SRR3664843
267,SRR3031870
268,SRR3219163
269,SRR2889979
270,SRR1823708
271,SRR3033305
272,SRR3223756
273,SRR2993804
274,SRR2017861
275,SRR3295791
276,SRR3509886
277,SRR2567009
278,SRR1664275
279,SRR2533557
280,SRR3295847
281,SRR3082391
282,SRR3115429
283,SRR2188129
284,SRR3056919
285,SRR3664659
286,SRR3664631
287,SRR3933050
288,SRR1783161
289,SRR4280576
290,SRR1574295
291,SRR3665146
292,SRR3151789
293,SRR3242349
294,SRR2239743
295,SRR3295514
296,SRR3664942
297,SRR3045984
298,SRR3945763
299,SRR3665125
300,SRR2542488
301,SRR1334638
302,SRR1820092
303,SRR1916389
304,SRR1791384
305,SRR1777703
306,SRR3664607
307,SRR3665144
308,SRR2567155
309,SRR3110331
310,SRR3933030
311,SRR3664747
312,SRR3663792
313,SRR3295636
314,SRR3098279
315,SRR3295530
316,SRR2227325
317,SRR2188120
318,SRR3223090
319,SRR1763809
320,SRR2407555
321,SRR1752720
322,SRR1967103
323,SRR1805614
324,SRR3199873
325,SRR2407714
326,SRR1528478
327,SRR3509859
328,SRR1573563
329,SRR3933085
330,SRR3203828
331,SRR1664299
332,SRR3664614
333,SRR3295719
334,SRR3664852
335,SRR3664740
336,SRR3664950
337,SRR2583951
338,SRR2407640
339,SRR3664671
340,SRR3664802
341,SRR3295860
342,SRR3214112
343,SRR3664649
344,SRR2962366
345,SRR3223751
346,SRR1334132
347,SRR1534876
348,SRR3664877
349,SRR1299421
350,SRR2567135
351,SRR2407674
352,SRR3765053
353,SRR3664895
354,SRR3214109
355,SRR3098377
356,SRR3664730
357,SRR3271894
358,SRR2989193
359,SRR2407689
360,SRR1805628
361,SRR4280574
362,SRR3664779
363,SRR3665255
364,SRR3188160
365,SRR2226882
366,SRR3933042
367,SRR1998955
368,SRR1333872
369,SRR3055288
370,SRR3295643
371,SRR2407697
372,SRR2566999
373,SRR1576018
374,SRR2407713
375,SRR3085620
376,SRR1849371
377,SRR3294536
378,SRR3664838
379,SRR2989204
380,SRR1544418
381,SRR2085688
382,SRR3099649
383,SRR2566985
384,SRR2989196
385,SRR2566973
386,SRR3056901
387,SRR2407631
388,SRR3199883
389,SRR3295921
390,SRR2566910
391,SRR1333870
392,SRR2912642
393,SRR3173700
394,SRR3295764
395,SRR2999648
396,SRR2407685
397,SRR3116153
398,SRR2567205
399,SRR2407579
400,SRR1299372
401,SRR3933079
402,SRR2584393
403,SRR3665234
404,SRR3242363
405,SRR3295770
406,SRR1646945
407,SRR2567140
408,SRR4019209
409,SRR3664707
410,SRR2407556
411,SRR3096075
412,SRR2407700
413,SRR3665024
414,SRR2054613
415,SRR2566952
416,SRR3147934
417,SRR2227437
418,SRR3664878
419,SRR3242356
420,SRR1588687
421,SRR2919953
422,SRR3295810
423,SRR3099648
424,SRR2567042
425,SRR2939005
426,SRR1752736
427,SRR3091416
428,SRR3098374
429,SRR2070980
430,SRR3295550
431,SRR3664795
432,SRR3665114
433,SRR1951881
434,SRR1300640
435,SRR3932949
436,SRR3664873
437,SRR3001180
438,SRR3101895
439,SRR3295644
440,SRR2637903
441,SRR1752882
442,SRR1752836
443,SRR2096591
444,SRR3665214
445,SRR3665183
446,SRR2533439
447,SRR2102450
448,SRR1951856
449,SRR2567131
450,SRR2407741
451,SRR1914408
452,SRR3664670
453,SRR3664919
454,SRR3665294
455,SRR3001172
456,SRR3099615
457,SRR1908925
458,SRR3664744
459,SRR2407545
460,SRR4280631
461,SRR2962398
462,SRR2993938
463,SRR2670717
464,SRR1947000
465,SRR3665216
466,SRR3740195
467,SRR4280595
468,SRR3664858
469,SRR3242326
470,SRR2567093
471,SRR3242355
472,SRR3295565
473,SRR2226943
474,SRR2567052
475,SRR2567101
476,SRR3116168
477,SRR3933022
478,SRR2567193
479,SRR3295837
480,SRR3242329
481,SRR3056894
482,SRR1553799
483,SRR1791274
484,SRR2086981
485,SRR2566881
486,SRR1923643
487,SRR2407677
488,SRR2005915
489,SRR3664839
490,SRR2875423
491,SRR3185038
492,SRR1588662
493,SRR2910990
494,SRR2939561
495,SRR2567057
496,SRR1982165
497,SRR2976054
498,SRR2670707
499,SRR3271882
500,SRR2566904
501,SRR2648998
502,SRR3295891
503,SRR3295576
504,SRR1791295
505,SRR2973736
506,SRR2973741
507,SRR2407610
508,SRR3295516
509,SRR3295714
510,SRR3295785
511,SRR2407559
512,SRR1783173
513,SRR3665281
514,SRR3932929
515,SRR3509863
516,SRR3146656
517,SRR4280596
518,SRR3214102
519,SRR3098375
520,SRR1619548
521,SRR3055294
522,SRR3933083
523,SRR2156498
524,SRR3933053
525,SRR3223089
526,SRR2533450
527,SRR3089996
528,SRR2070985
529,SRR2082842
530,SRR1334137
531,SRR3932911
532,SRR3115381
533,SRR3098659
534,SRR2939122
535,SRR1946908
536,SRR3665083
537,SRR2125014
538,SRR3933001
539,SRR3295888
540,SRR2407635
541,SRR1363283
542,SRR2989206
543,SRR2542481
544,SRR3215341
545,SRR3344471
546,SRR3184157
547,SRR3294534
548,SRR1514700
549,SRR1951845
550,SRR1528535
551,SRR1521589
552,SRR3210562
553,SRR2918187
554,SRR3295782
555,SRR2583954
556,SRR1973648
557,SRR1752834
558,SRR3062667
559,SRR2096539
560,SRR2599650
561,SRR2989194
562,SRR2566906
563,SRR2567102
564,SRR1982201
565,SRR3665019
566,SRR1791383
567,SRR3210389
568,SRR3085533
569,SRR1791386
570,SRR2567021
571,SRR3665120
572,SRR1334288
573,SRR3663789
574,SRR2226880
575,SRR3271897
576,SRR4280586
577,SRR2002468
578,SRR3664970
579,SRR2143495
580,SRR3664809
581,SRR3038499
582,SRR3111262
583,SRR3122764
584,SRR3062688
585,SRR3146662
586,SRR2033920
587,SRR3933075
588,SRR3210390
589,SRR2062216
590,SRR1982187
591,SRR3664675
592,SRR3932950
593,SRR1805588
594,SRR2082949
595,SRR3664644
596,SRR3180032
597,SRR2599661
598,SRR3242358
599,SRR3509890
600,SRR3295761
601,SRR2636953
602,SRR2407569
603,SRR3932964
604,SRR3085615
605,SRR2407625
606,SRR1588671
607,SRR2583945
608,SRR2566982
609,SRR3038512
610,SRR1583145
611,SRR3116162
612,SRR2510826
613,SRR2102523
614,SRR3295706
615,SRR1619529
616,SRR2407628
617,SRR3665091
618,SRR3210559
619,SRR2962404
620,SRR2566942
621,SRR2669159
622,SRR4019214
623,SRR2082856
624,SRR2917938
625,SRR1909006
626,SRR3217375
627,SRR2071016
628,SRR2407768
629,SRR3665215
630,SRR2226821
631,SRR3098650
632,SRR3664800
633,SRR2407720
634,SRR3306210
635,SRR1646547
636,SRR1556988
637,SRR1909005
638,SRR2981107
639,SRR1553842
640,SRR3115190
641,SRR1982194
642,SRR3665306
643,SRR2583963
644,SRR1615088
645,SRR3294533
646,SRR3098653
647,SRR2567050
648,SRR2566911
649,SRR2071015
650,SRR3210567
651,SRR3933004
652,SRR3932957
653,SRR3665198
654,SRR3664922
655,SRR3664817
656,SRR2407546
657,SRR2567128
658,SRR1646556
659,SRR3096720
660,SRR3115438
661,SRR1973885
662,SRR3000039
663,SRR1812845
664,SRR1812850
665,SRR3146659
666,SRR2407686
667,SRR3932951
668,SRR2566976
669,SRR2407557
670,SRR1793260
671,SRR3295523
672,SRR3122773
673,SRR2912643
674,SRR2584397
675,SRR1973682
676,SRR3664850
677,SRR3306212
678,SRR1574288
679,SRR1813446
680,SRR1773592
681,SRR3182544
682,SRR3330221
683,SRR2510831
684,SRR2407795
685,SRR3932914
686,SRR3173522
687,SRR3001176
688,SRR3194569
689,SRR2407687
690,SRR2567017
691,SRR2533548
692,SRR3110474
693,SRR3295938
694,SRR3062669
695,SRR3664689
696,SRR3665206
697,SRR3295952
698,SRR2567109
699,SRR3933049
700,SRR2228225
701,SRR1812820
702,SRR3057231
703,SRR3509870
704,SRR3295655
705,SRR1946953
706,SRR3665069
707,SRR2542486
708,SRR2566865
709,SRR1820091
710,SRR1812841
711,SRR3156388
712,SRR3210572
713,SRR3664901
714,SRR3098277
715,SRR3116161
716,SRR2407706
717,SRR3057227
718,SRR3399996
719,SRR3295932
720,SRR3664784
721,SRR3210558
722,SRR3664926
723,SRR3330243
724,SRR3663793
725,SRR3173554
726,SRR2567106
727,SRR3664841
728,SRR3151798
729,SRR3664933
730,SRR3098640
731,SRR3295954
732,SRR3085617
733,SRR3932933
734,SRR3295730
735,SRR3115378
736,SRR3295831
737,SRR3096095
738,SRR2670705
739,SRR3295652
740,SRR3184194
741,SRR1528511
742,SRR3295645
743,SRR2567198
744,SRR1609688
745,SRR2407581
746,SRR3664866
747,SRR3665182
748,SRR3664821
749,SRR2584392
750,SRR3173540
751,SRR3110470
752,SRR2407789
753,SRR2939006
754,SRR3664936
755,SRR3096081
756,SRR3664814
757,SRR3509868
758,SRR3933002
759,SRR3665084
760,SRR3214125
761,SRR3062687
762,SRR2533339
763,SRR1598888
764,SRR1793242
765,SRR3056911
766,SRR3038500
767,SRR1544231
768,SRR2407609
769,SRR3038515
770,SRR3295729
771,SRR1646930
772,SRR3147932
773,SRR1980733
774,SRR3214104
775,SRR1763828
776,SRR3082390
777,SRR3665059
778,SRR3062666
779,SRR3180041
780,SRR2584388
781,SRR4238014
782,SRR2566894
783,SRR3665016
784,SRR3295603
785,SRR2039148
786,SRR3151793
787,SRR3295596
788,SRR2407800
789,SRR1583090
790,SRR3295881
791,SRR1334785
792,SRR2962356
793,SRR2973727
794,SRR2917939
795,SRR2078283
796,SRR2584400
797,SRR1646944
798,SRR3295592
799,SRR2566954
800,SRR3664799
801,SRR3295902
802,SRR1556947
803,SRR2407639
804,SRR3214113
805,SRR3932956
806,SRR3665147
807,SRR1973721
808,SRR3122770
809,SRR2567056
810,SRR3740199
811,SRR2407612
812,SRR2016700
813,SRR3225366
814,SRR2566987
815,SRR2407573
816,SRR1528493
817,SRR3214108
818,SRR1609692
819,SRR3665305
820,SRR3295775
821,SRR3295713
822,SRR3294526
823,SRR3182550
824,SRR2407740
825,SRR3740189
826,SRR3933027
827,SRR3146658
828,SRR3664630
829,SRR2533379
830,SRR3664668
831,SRR2407696
832,SRR1299366
833,SRR3665205
834,SRR3295664
835,SRR1823681
836,SRR3663795
837,SRR2566875
838,SRR1615946
839,SRR3932995
840,SRR2567197
841,SRR2407558
842,SRR2829112
843,SRR3295733
844,SRR3932985
845,SRR2567034
846,SRR3180046
847,SRR1598887
848,SRR3665220
849,SRR1588674
850,SRR3509880
851,SRR3271881
852,SRR3091333
853,SRR3110476
854,SRR4280635
855,SRR1334138
856,SRR3932966
857,SRR1646942
858,SRR2533553
859,SRR3295560
860,SRR1562580
861,SRR2407719
862,SRR4280591
863,SRR3188261
864,SRR3418279
865,SRR1521569
866,SRR3664780
867,SRR1646555
868,SRR2584316
869,SRR2567121
870,SRR3664882
871,SRR2962406
872,SRR3096719
873,SRR2407707
874,SRR3664632
875,SRR2567199
876,SRR3116166
877,SRR2566915
878,SRR3665168
879,SRR2407775
880,SRR3664888
881,SRR3198629
882,SRR1562593
883,SRR1299379
884,SRR3098654
885,SRR3418283
886,SRR2407595
887,SRR1334376
888,SRR1334789
889,SRR2407599
890,SRR2981109
891,SRR3185046
892,SRR3210566
893,SRR2962395
894,SRR3663786
895,SRR1980731
896,SRR2910994
897,SRR2999649
898,SRR3098270
899,SRR3665248
900,SRR3173684
901,SRR2239949
902,SRR2566992
903,SRR2648752
904,SRR2407648
905,SRR1619597
906,SRR2989566
907,SRR3219158
908,SRR3096702
909,SRR3146663
910,SRR2583958
911,SRR2566866
912,SRR3210392
913,SRR3295568
914,SRR1951842
915,SRR3664770
916,SRR2567025
917,SRR3400000
918,SRR1631193
919,SRR3136895
920,SRR2533549
921,SRR3547958
922,SRR2062218
923,SRR2533559
924,SRR3665086
925,SRR2407751
926,SRR1609686
927,SRR3664914
928,SRR3418293
929,SRR3199879
930,SRR3295768
931,SRR2567061
932,SRR3295715
933,SRR2648753
934,SRR2567049
935,SRR2567027
936,SRR3665104
937,SRR3664931
938,SRR3001171
939,SRR2071081
940,SRR1801550
941,SRR2407652
942,SRR1767788
943,SRR3115222
944,SRR3295759
945,SRR3295889
946,SRR3664855
947,SRR3173552
948,SRR1598882
949,SRR1951833
950,SRR3224089
951,SRR3289761
952,SRR3933024
953,SRR2567022
954,SRR3199872
955,SRR1951875
956,SRR3116160
957,SRR2567001
958,SRR2533333
959,SRR3085522
960,SRR3664637
961,SRR3000029
962,SRR2533484
963,SRR3111274
964,SRR3295914
965,SRR2407718
966,SRR2567115
967,SRR2566912
968,SRR3295751
969,SRR2143501
970,SRR3184169
971,SRR1763810
972,SRR1946905
973,SRR3295638
974,SRR3295679
975,SRR1334223
976,SRR3509867
977,SRR3665252
978,SRR3664938
979,SRR1334379
980,SRR2889983
981,SRR2002456
982,SRR3182546
983,SRR3665050
984,SRR3295840
985,SRR3173686
986,SRR3111261
987,SRR3115223
988,SRR2567160
989,SRR2567074
990,SRR3223102
991,SRR2989200
992,SRR3665203
993,SRR3295908
994,SRR3665042
995,SRR3116165
996,SRR2064107
997,SRR3098263
998,SRR1544295
999,SRR3295595
1000,SRR1556964
1001,SRR2407739
1002,SRR3344472
1003,SRR3198624
1004,SRR3344460
1005,SRR1947002
1006,SRR3665100
1007,SRR3295693
1008,SRR3295610
1009,SRR3509882
1010,SRR3056932
1011,SRR2981112
1012,SRR2407600
1013,SRR3664851
1014,SRR2566967
1015,SRR3509892
1016,SRR1598880
1017,SRR3219186
1018,SRR3509871
1019,SRR3664836
1020,SRR2912640
1021,SRR2670625
1022,SRR2566882
1023,SRR3098642
1024,SRR1791377
1025,SRR2407761
1026,SRR2566921
1027,SRR2017850
1028,SRR2407731
1029,SRR1574320
1030,SRR3295797
1031,SRR2566925
1032,SRR1574281
1033,SRR1534878
1034,SRR1951865
1035,SRR3664674
1036,SRR3295765
1037,SRR2567018
1038,SRR3096033
1039,SRR3091335
1040,SRR2533343
1041,SRR3210570
1042,SRR3664804
1043,SRR3085528
1044,SRR3173701
1045,SRR2102412
1046,SRR3096085
1047,SRR1544325
1048,SRR3056909
1049,SRR1973854
1050,SRR3295835
1051,SRR2542458
1052,SRR3295616
1053,SRR2567003
1054,SRR1574310
1055,SRR3933081
1056,SRR2584398
1057,SRR2567100
1058,SRR3289767
1059,SRR3330382
1060,SRR2054609
1061,SRR3664723
1062,SRR2407725
1063,SRR1793241
1064,SRR3664985
1065,SRR1646928
1066,SRR3295762
1067,SRR2062215
1068,SRR1619594
1069,SRR3664959
1070,SRR2566895
1071,SRR3509889
1072,SRR3085513
1073,SRR2962663
1074,SRR3295642
1075,SRR1783201
1076,SRR3452360
1077,SRR3295542
1078,SRR2407655
1079,SRR3664865
1080,SRR3295728
1081,SRR2070987
1082,SRR3295711
1083,SRR2567211
1084,SRR3295743
1085,SRR3933065
1086,SRR3740186
1087,SRR3664968
1088,SRR3122767
1089,SRR1813427
1090,SRR3057223
1091,SRR2407688
1092,SRR3933067
1093,SRR3131143
1094,SRR3098264
1095,SRR3115186
1096,SRR3294530
1097,SRR3418286
1098,SRR2962359
1099,SRR1664261
1100,SRR3173559
1101,SRR2156584
1102,SRR1752886
1103,SRR3509884
1104,SRR3295604
1105,SRR3098376
1106,SRR2669161
1107,SRR1556074
1108,SRR3185039
1109,SRR3295753
1110,SRR3199875
1111,SRR3330376
1112,SRR2889981
1113,SRR1544392
1114,SRR3665267
1115,SRR3214103
1116,SRR2917937
1117,SRR3295735
1118,SRR2911789
1119,SRR3664870
1120,SRR3664886
1121,SRR1588665
1122,SRR2973703
1123,SRR3295903
1124,SRR1752820
1125,SRR3295893
1126,SRR2567060
1127,SRR1528494
1128,SRR3271891
1129,SRR3151796
1130,SRR3115230
1131,SRR3664756
1132,SRR3096703
1133,SRR1773631
1134,SRR1973701
1135,SRR2407543
1136,SRR3664678
1137,SRR2533483
1138,SRR2125022
1139,SRR3188257
1140,SRR3664864
1141,SRR3111266
1142,SRR2566978
1143,SRR3330229
1144,SRR1812788
1145,SRR3664759
1146,SRR3180052
1147,SRR2567161
1148,SRR3295758
1149,SRR3038502
1150,SRR3000018
1151,SRR1982207
1152,SRR1609684
1153,SRR3031868
1154,SRR2583961
1155,SRR2533350
1156,SRR2082937
1157,SRR1951876
1158,SRR3933069
1159,SRR3306281
1160,SRR3000049
1161,SRR1664293
1162,SRR2078197
1163,SRR3219139
1164,SRR3295801
1165,SRR2017857
1166,SRR1823688
1167,SRR3295594
1168,SRR2407621
1169,SRR3295506
1170,SRR3665239
1171,SRR3242364
1172,SRR3664980
1173,SRR2407629
1174,SRR3295574
1175,SRR3664993
1176,SRR3116159
1177,SRR1300634
1178,SRR1300605
1179,SRR2054607
1180,SRR2917942
1181,SRR2567014
1182,SRR1619527
1183,SRR3289771
1184,SRR3664955
1185,SRR3664764
1186,SRR2407627
1187,SRR2102443
1188,SRR3173550
1189,SRR2566892
1190,SRR4280598
1191,SRR1793263
1192,SRR2566998
1193,SRR2567159
1194,SRR3295830
1195,SRR3199876
1196,SRR2973723
1197,SRR3664610
1198,SRR3295892
1199,SRR3665036
1200,SRR3184183
1201,SRR3665072
1202,SRR3199871
1203,SRR3295554
1204,SRR3173526
1205,SRR1562607
1206,SRR3664863
1207,SRR3045973
1208,SRR2407742
1209,SRR1812835
1210,SRR3111271
1211,SRR3665199
1212,SRR3664772
1213,SRR2599648
1214,SRR1793245
1215,SRR3151797
1216,SRR2407594
1217,SRR3665237
1218,SRR1631181
1219,SRR1583153
1220,SRR2407675
1221,SRR3932984
1222,SRR2407570
1223,SRR2962362
1224,SRR3664604
1225,SRR2070982
1226,SRR2239760
1227,SRR2239959
1228,SRR1914406
1229,SRR3210388
1230,SRR3115189
1231,SRR3289768
1232,SRR2973831
1233,SRR3101833
1234,SRR3765177
1235,SRR3664743
1236,SRR3665230
1237,SRR3116156
1238,SRR3295957
1239,SRR1619556
1240,SRR3664654
1241,SRR3099620
1242,SRR3664897
1243,SRR3933028
1244,SRR3180048
1245,SRR3148240
1246,SRR3295658
1247,SRR2962900
1248,SRR3933064
1249,SRR1980736
1250,SRR1793262
1251,SRR1334225
1252,SRR3115232
1253,SRR1521559
1254,SRR4280617
1255,SRR3295666
1256,SRR3185036
1257,SRR3295766
1258,SRR1553809
1259,SRR2566873
1260,SRR3001179
1261,SRR3271890
1262,SRR3664727
1263,SRR3198625
1264,SRR3295680
1265,SRR2407781
1266,SRR1951846
1267,SRR3509861
1268,SRR2584391
1269,SRR3295597
1270,SRR3664655
1271,SRR1534888
1272,SRR3110330
1273,SRR2648196
1274,SRR2973708
1275,SRR1946967
1276,SRR1631191
1277,SRR2566878
1278,SRR3664622
1279,SRR3062676
1280,SRR2566937
1281,SRR3932968
1282,SRR1583108
1283,SRR3295933
1284,SRR4280624
1285,SRR2567058
1286,SRR2670706
1287,SRR3664846
1288,SRR3933000
1289,SRR3295547
1290,SRR4280597
1291,SRR1544372
1292,SRR1820093
1293,SRR2566936
1294,SRR3115200
1295,SRR3295772
1296,SRR2567023
1297,SRR3295651
1298,SRR3664954
1299,SRR3101838
1300,SRR2017884
1301,SRR3509860
1302,SRR2566988
1303,SRR3173687
1304,SRR1573566
1305,SRR1646549
1306,SRR1910751
1307,SRR3146666
1308,SRR2533383
1309,SRR3295786
1310,SRR3146661
1311,SRR3219179
1312,SRR2143502
1313,SRR2568400
1314,SRR2939127
1315,SRR2567175
1316,SRR3295712
1317,SRR1982220
1318,SRR3056914
1319,SRR3663787
1320,SRR2648749
1321,SRR3330375
1322,SRR2054614
1323,SRR2016696
1324,SRR2670660
1325,SRR3509904
1326,SRR3330219
1327,SRR1923642
1328,SRR1849376
1329,SRR2638018
1330,SRR3665308
1331,SRR3295732
1332,SRR3295820
1333,SRR3210560
1334,SRR1528525
1335,SRR1573567
1336,SRR2533456
1337,SRR1793264
1338,SRR3223153
1339,SRR1777705
1340,SRR1946956
1341,SRR3933082
1342,SRR1528473
1343,SRR2407567
1344,SRR2567117
1345,SRR3000031
1346,SRR1544433
1347,SRR3664830
1348,SRR3664664
1349,SRR2566968
1350,SRR3399997
1351,SRR3665130
1352,SRR3664808
1353,SRR3185050
1354,SRR2407753
1355,SRR2567013
1356,SRR3173524
1357,SRR3665313
1358,SRR3330216
1359,SRR3096090
1360,SRR3001177
1361,SRR3096718
1362,SRR1299301
1363,SRR3295528
1364,SRR2982345
1365,SRR3096102
1366,SRR3665186
1367,SRR3664623
1368,SRR2568389
1369,SRR3665285
1370,SRR3306215
1371,SRR2829313
1372,SRR3055287
1373,SRR3295541
1374,SRR1631187
1375,SRR3147927
1376,SRR3223094
1377,SRR1333880
1378,SRR3096030
1379,SRR3242343
1380,SRR2102431
1381,SRR3045974
1382,SRR2566984
1383,SRR3182548
1384,SRR2566960
1385,SRR1646946
1386,SRR1783202
1387,SRR3156392
1388,SRR2064118
1389,SRR2407578
1390,SRR3295856
1391,SRR3091340
1392,SRR3665204
1393,SRR3085526
1394,SRR3665197
1395,SRR3664847
1396,SRR1849406
1397,SRR3664647
1398,SRR1631189
1399,SRR2566872
1400,SRR3038516
1401,SRR2533490
1402,SRR3295779
1403,SRR3295937
1404,SRR1752721
1405,SRR1946971
1406,SRR2636955
1407,SRR4280619
1408,SRR3740194
1409,SRR2962902
1410,SRR2566901
1411,SRR2566938
1412,SRR1528495
1413,SRR3225369
1414,SRR3933043
1415,SRR3057226
1416,SRR3295721
1417,SRR3295757
1418,SRR3111272
1419,SRR2583949
1420,SRR1598876
1421,SRR3933036
1422,SRR2407786
1423,SRR3295872
1424,SRR2407548
1425,SRR3096710
1426,SRR3173553
1427,SRR3295533
1428,SRR3295784
1429,SRR2599651
1430,SRR1334224
1431,SRR2064127
1432,SRR1334784
1433,SRR3091347
1434,SRR3295614
1435,SRR1528505
1436,SRR3945762
1437,SRR3199884
1438,SRR3295605
1439,SRR3933072
1440,SRR1801733
1441,SRR2533444
1442,SRR2156575
1443,SRR2973707
1444,SRR3932937
1445,SRR2566869
1446,SRR1534824
1447,SRR3932928
1448,SRR3740188
1449,SRR3306285
1450,SRR2407790
1451,SRR2102413
1452,SRR2533437
1453,SRR3096089
1454,SRR3664986
1455,SRR3210569
1456,SRR3665295
1457,SRR2567005
1458,SRR3764720
1459,SRR3295740
1460,SRR3606590
1461,SRR3295531
1462,SRR2567126
1463,SRR3665232
1464,SRR3110328
1465,SRR2407779
1466,SRR3664903
1467,SRR3295539
1468,SRR1619528
1469,SRR2407568
1470,SRR2071082
1471,SRR2981108
1472,SRR3932983
1473,SRR3295859
1474,SRR2104584
1475,SRR2407651
1476,SRR1767789
1477,SRR1664272
1478,SRR2542497
1479,SRR1973982
1480,SRR1300645
1481,SRR2567088
1482,SRR3090001
1483,SRR3062689
1484,SRR2510825
1485,SRR3664803
1486,SRR3295573
1487,SRR3056918
1488,SRR3131241
1489,SRR3110324
1490,SRR3665029
1491,SRR2407564
1492,SRR3295570
1493,SRR2567002
1494,SRR3173551
1495,SRR3664711
1496,SRR2533453
1497,SRR3295635
1498,SRR2407611
1499,SRR3096032
1500,SRR2567171
1501,SRR4280593
1502,SRR1299398
1503,SRR3045976
1504,SRR2227323
1505,SRR3306204
1506,SRR3665052
1507,SRR3295910
1508,SRR3203832
1509,SRR3665275
1510,SRR3664911
1511,SRR3295898
1512,SRR3295923
1513,SRR3665291
1514,SRR1562608
1515,SRR3932976
1516,SRR3173557
1517,SRR3295522
1518,SRR2125027
1519,SRR3664990
1520,SRR2568394
1521,SRR3295703
1522,SRR4280614
1523,SRR4280601
1524,SRR2649002
1525,SRR1544370
1526,SRR2989205
1527,SRR3056927
1528,SRR4280630
1529,SRR3664791
1530,SRR1773836
1531,SRR2533436
1532,SRR1299278
1533,SRR2064125
1534,SRR3225370
1535,SRR4280567
1536,SRR3933013
1537,SRR2989568
1538,SRR2989207
1539,SRR3509891
1540,SRR3122772
1541,SRR3295747
1542,SRR2407670
1543,SRR2566935
1544,SRR3344473
1545,SRR2567011
1546,SRR1973838
1547,SRR2407623
1548,SRR3295808
1549,SRR3330378
1550,SRR2407615
1551,SRR2228224
1552,SRR2533347
1553,SRR1544192
1554,SRR2989562
1555,SRR3210556
1556,SRR3185052
1557,SRR3182549
1558,SRR3933045
1559,SRR2082950
1560,SRR3664672
1561,SRR3223154
1562,SRR3933033
1563,SRR3665119
1564,SRR3664713
1565,SRR1773640
1566,SRR3665047
1567,SRR3765176
1568,SRR3223758
1569,SRR3344469
1570,SRR1767810
1571,SRR3091418
1572,SRR1773838
1573,SRR2016699
1574,SRR3098651
1575,SRR1813426
1576,SRR3156383
1577,SRR1534879
1578,SRR2912654
1579,SRR3932959
1580,SRR2829310
1581,SRR1631195
1582,SRR3091345
1583,SRR3295657
1584,SRR3146574
1585,SRR2407544
1586,SRR3330220
1587,SRR2566997
1588,SRR3210663
1589,SRR3664900
1590,SRR3664860
1591,SRR3055291
1592,SRR3091350
1593,SRR3490010
1594,SRR3664976
1595,SRR3096100
1596,SRR2567206
1597,SRR1767766
1598,SRR3057218
1599,SRR1553781
1600,SRR2407758
1601,SRR3151801
1602,SRR1528470
1603,SRR3210573
1604,SRR1783203
1605,SRR2918183
1606,SRR1528508
1607,SRR1631190
1608,SRR3099645
1609,SRR3932969
1610,SRR3664738
1611,SRR3219178
1612,SRR3099623
1613,SRR2407738
1614,SRR1793243
1615,SRR3295690
1616,SRR1574278
1617,SRR3665105
1618,SRR3242341
1619,SRR1575963
1620,SRR3664778
1621,SRR3110299
1622,SRR2566975
1623,SRR2918190
1624,SRR3509858
1625,SRR3933057
1626,SRR3295580
1627,SRR1793261
1628,SRR3110464
1629,SRR3116197
1630,SRR1333886
1631,SRR3057222
1632,SRR2156497
1633,SRR3664930
1634,SRR2829106
1635,SRR3111269
1636,SRR1619602
1637,SRR2156504
1638,SRR3399992
1639,SRR1916387
1640,SRR3295899
1641,SRR1980610
1642,SRR4280610
1643,SRR3110465
1644,SRR3932965
1645,SRR3664962
1646,SRR2567059
1647,SRR2407764
1648,SRR3082389
1649,SRR2567151
1650,SRR2566884
1651,SRR3295790
1652,SRR2567129
1653,SRR3033304
1654,SRR3665088
1655,SRR2583956
1656,SRR2533458
1657,SRR1598884
1658,SRR3098658
1659,SRR2910989
1660,SRR2533552
1661,SRR3665057
1662,SRR3116158
1663,SRR2078282
1664,SRR2407678
1665,SRR3210650
1666,SRR3665160
1667,SRR3188258
1668,SRR2567019
1669,SRR3664701
1670,SRR3664786
1671,SRR3173698
1672,SRR3664913
1673,SRR3001181
1674,SRR1553843
1675,SRR3295697
1676,SRR2407661
1677,SRR1609687
1678,SRR2638070
1679,SRR3295591
1680,SRR3295852
1681,SRR3664663
1682,SRR3295935
1683,SRR3089999
1684,SRR3665159
1685,SRR3289770
1686,SRR3089994
1687,SRR1773630
1688,SRR1292319
1689,SRR3156389
1690,SRR3295812
1691,SRR3184156
1692,SRR2670704
1693,SRR3214107
1694,SRR3932962
1695,SRR3606589
1696,SRR1334486
1697,SRR3306286
1698,SRR3052023
1699,SRR2143433
1700,SRR3664646
1701,SRR3330248
1702,SRR3057216
1703,SRR2407712
1704,SRR3665070
1705,SRR1544424
1706,SRR3110479
1707,SRR2064126
1708,SRR2078196
1709,SRR2568391
1710,SRR3295567
1711,SRR2567039
1712,SRR3664667
1713,SRR1914405
1714,SRR3110325
1715,SRR4280584
1716,SRR3664753
1717,SRR3295720
1718,SRR1951844
1719,SRR3295799
1720,SRR3185044
1721,SRR3191435
1722,SRR3664693
1723,SRR1777673
1724,SRR2567178
1725,SRR2533341
1726,SRR3089990
1727,SRR2407614
1728,SRR3156385
1729,SRR3156381
1730,SRR3932915
1731,SRR3136898
1732,SRR3664605
1733,SRR2407724
1734,SRR2015797
1735,SRR3664767
1736,SRR3115202
1737,SRR4280585
1738,SRR2054606
1739,SRR3210655
1740,SRR4280643
1741,SRR3664944
1742,SRR3115242
1743,SRR1609695
1744,SRR3091328
1745,SRR3664898
1746,SRR3099644
1747,SRR3932887
1748,SRR3089993
1749,SRR2917940
1750,SRR3295689
1751,SRR2407787
1752,SRR2567167
1753,SRR2669158
1754,SRR3045981
1755,SRR1974083
1756,SRR3295846
1757,SRR2071080
1758,SRR3295832
1759,SRR2407802
1760,SRR3295901
1761,SRR3664832
1762,SRR3295750
1763,SRR3295949
1764,SRR3295792
1765,SRR2670701
1766,SRR3098258
1767,SRR2064120
1768,SRR4280647
1769,SRR3045977
1770,SRR1805582
1771,SRR3399991
1772,SRR3490011
1773,SRR2070989
1774,SRR2567133
1775,SRR3932905
1776,SRR2979519
1777,SRR3184158
1778,SRR2407575
1779,SRR2962396
1780,SRR2070986
1781,SRR3184192
1782,SRR3344464
1783,SRR2188119
1784,SRR3664613
1785,SRR2567046
1786,SRR2567150
1787,SRR2973706
1788,SRR3136894
1789,SRR1947012
1790,SRR2989197
1791,SRR3033321
1792,SRR3098267
1793,SRR1752848
1794,SRR3173696
1795,SRR2566867
1796,SRR2566929
1797,SRR3198627
1798,SRR2533446
1799,SRR2567195
1800,SRR2637879
1801,SRR1908996
1802,SRR2078202
1803,SRR2918184
1804,SRR3933073
1805,SRR2973725
1806,SRR3184184
1807,SRR1783212
1808,SRR2096613
1809,SRR3099653
1810,SRR2583957
1811,SRR1300649
1812,SRR3295842
1813,SRR3664902
1814,SRR3219180
1815,SRR3052018
1816,SRR3295684
1817,SRR1998972
1818,SRR2567166
1819,SRR1914403
1820,SRR3932901
1821,SRR3091329
1822,SRR2533545
1823,SRR3295964
1824,SRR3062673
1825,SRR1752870
1826,SRR2670703
1827,SRR3289814
1828,SRR1752779
1829,SRR3664612
1830,SRR2542461
1831,SRR3664609
1832,SRR2002476
1833,SRR3745546
1834,SRR2962899
1835,SRR2829110
1836,SRR3932979
1837,SRR2125038
1838,SRR4280636
1839,SRR3090000
1840,SRR2407762
1841,SRR1791276
1842,SRR2566977
1843,SRR3210391
1844,SRR3295670
1845,SRR3295947
1846,SRR1521594
1847,SRR2533546
1848,SRR2568392
1849,SRR3198626
1850,SRR3295965
1851,SRR2567180
1852,SRR3056931
1853,SRR2033914
1854,SRR2567041
1855,SRR4280569
1856,SRR3098274
1857,SRR3665045
1858,SRR2912655
1859,SRR3295509
1860,SRR3085525
1861,SRR3664991
1862,SRR3173697
1863,SRR1609681
1864,SRR1521576
1865,SRR1556982
1866,SRR3663791
1867,SRR3052020
1868,SRR3289809
1869,SRR4280607
1870,SRR3664937
1871,SRR2670694
1872,SRR2962403
1873,SRR2973739
1874,SRR3185045
1875,SRR3664812
1876,SRR3146657
1877,SRR3295776
1878,SRR2533488
1879,SRR2407630
1880,SRR2566876
1881,SRR3665101
1882,SRR2567010
1883,SRR2407744
1884,SRR2062217
1885,SRR2407663
1886,SRR3664709
1887,SRR3665218
1888,SRR3116163
1889,SRR1544182
1890,SRR3295906
1891,SRR2542453
1892,SRR1849405
1893,SRR1951866
1894,SRR1773837
1895,SRR3033325
1896,SRR3664891
1897,SRR3101830
1898,SRR3665103
1899,SRR3665085
1900,SRR2533351
1901,SRR2407653
1902,SRR2033915
1903,SRR2143474
1904,SRR1777707
1905,SRR2648740
1906,SRR1574314
1907,SRR3021488
1908,SRR2407601
1909,SRR1974001
1910,SRR2567051
1911,SRR4280564
1912,SRR3664703
1913,SRR1646564
1914,SRR1801537
1915,SRR1562579
1916,SRR2567191
1917,SRR3933059
1918,SRR1767815
1919,SRR1363278
1920,SRR1767798
1921,SRR2533381
1922,SRR2533382
1923,SRR1783220
1924,SRR3664932
1925,SRR1299364
1926,SRR2567068
1927,SRR3740198
1928,SRR1777672
1929,SRR3115231
1930,SRR3664677
1931,SRR3223091
1932,SRR3055308
1933,SRR3146665
1934,SRR2188126
1935,SRR3664733
1936,SRR1544207
1937,SRR1951852
1938,SRR3110480
1939,SRR3085619
1940,SRR2407538
1941,SRR3000048
1942,SRR1793246
1943,SRR2566981
1944,SRR2015694
1945,SRR3038498
1946,SRR3665023
1947,SRR1791378
1948,SRR3289812
1949,SRR3295780
1950,SRR1333879
1951,SRR3295738
1952,SRR3664978
1953,SRR3932934
1954,SRR3085523
1955,SRR3098647
1956,SRR1544238
1957,SRR1908939
1958,SRR4019218
1959,SRR4280594
1960,SRR3151788
1961,SRR3664849
1962,SRR4280637
1963,SRR2533443
1964,SRR3057219
1965,SRR2566868
1966,SRR1544152
1967,SRR2670716
1968,SRR3932892
1969,SRR3295677
1970,SRR2532631
1971,SRR2510827
1972,SRR2567035
1973,SRR2407534
1974,SRR1980739
1975,SRR1588690
1976,SRR3330222
1977,SRR3098259
1978,SRR2407571
1979,SRR2567189
1980,SRR3214115
1981,SRR3188255
1982,SRR2912659
1983,SRR2407771
1984,SRR3295572
1985,SRR3098649
1986,SRR3180036
1987,SRR2566946
1988,SRR1334639
1989,SRR2002486
1990,SRR3101898
1991,SRR1805603
1992,SRR3115432
1993,SRR1910773
1994,SRR1544299
1995,SRR3045983
1996,SRR3306203
1997,SRR2962361
1998,SRR1556097
1999,SRR3665093
2000,SRR2407550
2001,SRR2533337
2002,SRR3664941
2003,SRR3295694
2004,SRR1849386
2005,SRR3223100
2006,SRR3933031
2007,SRR1923644
2008,SRR2567016
2009,SRR3933040
2010,SRR1556983
2011,SRR2566883
2012,SRR3664828
2013,SRR3148312
2014,SRR3664773
2015,SRR3665054
2016,SRR1574261
2017,SRR3188161
2018,SRR2567047
2019,SRR2407755
2020,SRR2407537
2021,SRR3184185
2022,SRR2407618
2023,SRR1823709
2024,SRR1334482
2025,SRR3664687
2026,SRR3295896
2027,SRR2599658
2028,SRR1583121
2029,SRR3664909
2030,SRR3295537
2031,SRR3664627
2032,SRR3295879
2033,SRR3295634
2034,SRR1982151
2035,SRR2002481
2036,SRR3295941
2037,SRR2566922
2038,SRR1763829
2039,SRR2533543
2040,SRR3932936
2041,SRR2542483
2042,SRR3223754
2043,SRR1556973
2044,SRR2889978
2045,SRR2567136
2046,SRR2566926
2047,SRR1664285
2048,SRR3665258
2049,SRR3173683
2050,SRR3111270
2051,SRR2989192
2052,SRR2566957
2053,SRR3509862
2054,SRR3210379
2055,SRR4019220
2056,SRR2973700
2057,SRR3933074
2058,SRR2567145
2059,SRR1534903
2060,SRR3182555
2061,SRR2670713
2062,SRR1946860
2063,SRR2999652
2064,SRR2239757
2065,SRR3294538
2066,SRR3665238
2067,SRR3091346
2068,SRR3664801
2069,SRR1300604
2070,SRR3664662
2071,SRR3665065
2072,SRR3295853
2073,SRR2918196
2074,SRR3665272
2075,SRR2407626
2076,SRR3210564
2077,SRR1562587
2078,SRR2599653
2079,SRR3295611
2080,SRR3110329
2081,SRR2567118
2082,SRR3184116
2083,SRR2567148
2084,SRR2973705
2085,SRR2973833
2086,SRR2125020
2087,SRR3295532
2088,SRR3295865
2089,SRR3194568
2090,SRR3932986
2091,SRR2982336
2092,SRR3664948
2093,SRR3330245
2094,SRR2407749
2095,SRR2407673
2096,SRR2542480
2097,SRR3932916
2098,SRR3223155
2099,SRR3509887
2100,SRR3295963
2101,SRR3098656
2102,SRR1849329
2103,SRR3115226
2104,SRR3664754
2105,SRR3052024
2106,SRR2407729
2107,SRR3289808
2108,SRR2993931
2109,SRR2532791
2110,SRR3295515
2111,SRR3740192
2112,SRR2568393
2113,SRR3665009
2114,SRR3215339
2115,SRR3295674
2116,SRR2979523
2117,SRR2993806
2118,SRR2567207
2119,SRR3330388
2120,SRR2962399
2121,SRR2407637
2122,SRR2566932
2123,SRR3085520
2124,SRR3146571
2125,SRR2567037
2126,SRR2407659
2127,SRR2920118
2128,SRR3147924
2129,SRR1773591
2130,SRR2962887
2131,SRR3295868
2132,SRR3116164
2133,SRR1763852
2134,SRR3932889
2135,SRR1588692
2136,SRR3295967
2137,SRR3057229
2138,SRR2102389
2139,SRR3665111
2140,SRR1813455
2141,SRR3664757
2142,SRR3330242
2143,SRR2533448
2144,SRR3330249
2145,SRR3085614
2146,SRR3146668
2147,SRR2982338
2148,SRR2979526
2149,SRR1528471
2150,SRR3188256
2151,SRR3219140
2152,SRR1544229
2153,SRR1300670
2154,SRR2566962
2155,SRR3289766
2156,SRR3665131
2157,SRR3184189
2158,SRR3295585
2159,SRR2239741
2160,SRR3091415
2161,SRR3295618
2162,SRR1752821
2163,SRR3289764
2164,SRR1763849
2165,SRR1528529
2166,SRR4019211
2167,SRR1631183
2168,SRR1752735
2169,SRR1973720
2170,SRR3330600
2171,SRR3184168
2172,SRR2407590
2173,SRR3344462
2174,SRR3664894
2175,SRR3664708
2176,SRR1544213
2177,SRR3932903
2178,SRR1791296
2179,SRR3932994
2180,SRR1923645
2181,SRR3033320
2182,SRR1783218
2183,SRR3664729
2184,SRR2533331
2185,SRR3664876
2186,SRR2407737
2187,SRR2567210
2188,SRR2567063
2189,SRR3115201
2190,SRR3330379
2191,SRR3000040
2192,SRR3101882
2193,SRR3452361
2194,SRR1812844
2195,SRR2532632
2196,SRR3062682
2197,SRR1916370
2198,SRR2407745
2199,SRR2982340
2200,SRR3295663
2201,SRR3509874
2202,SRR1973816
2203,SRR2962888
2204,SRR2156613
2205,SRR3295855
2206,SRR3664694
2207,SRR3295553
2208,SRR1544198
2209,SRR3665221
2210,SRR2143482
2211,SRR3664666
2212,SRR3295688
2213,SRR3294531
2214,SRR2407552
2215,SRR3664642
2216,SRR3295695
2217,SRR2973701
2218,SRR1574316
2219,SRR3271886
2220,SRR2567012
2221,SRR3665005
2222,SRR2567122
2223,SRR2407592
2224,SRR2989210
2225,SRR3173556
2226,SRR3062670
2227,SRR1598885
2228,SRR3098644
2229,SRR1544415
2230,SRR2962898
2231,SRR2962360
2232,SRR3185051
2233,SRR3295931
2234,SRR2096590
2235,SRR3000038
2236,SRR3295699
2237,SRR1777667
2238,SRR2566902
2239,SRR1767777
2240,SRR3665121
2241,SRR3665110
2242,SRR3091414
2243,SRR1763853
2244,SRR3295763
2245,SRR3110326
2246,SRR3289796
2247,SRR3182552
2248,SRR3098269
2249,SRR1646541
2250,SRR1528481
2251,SRR3664619
2252,SRR2085752
2253,SRR3932942
2254,SRR3052029
2255,SRR3111264
2256,SRR3000047
2257,SRR1801543
2258,SRR3223149
2259,SRR2407769
2260,SRR3096031
2261,SRR3509865
2262,SRR3052019
2263,SRR3330247
2264,SRR2567183
2265,SRR1556946
2266,SRR3665073
2267,SRR2567026
2268,SRR1752893
2269,SRR3665122
2270,SRR3295746
2271,SRR4280616
2272,SRR2407646
2273,SRR3101888
2274,SRR1553769
2275,SRR3664625
2276,SRR3295615
2277,SRR3330231
2278,SRR4280583
2279,SRR3289797
2280,SRR3295723
2281,SRR3295873
2282,SRR3664856
2283,SRR2533555
2284,SRR2062222
2285,SRR3295884
2286,SRR1333866
2287,SRR1752719
2288,SRR2407633
2289,SRR2567132
2290,SRR3085611
2291,SRR1946915
2292,SRR3295871
2293,SRR3933029
2294,SRR2566874
2295,SRR3295928
2296,SRR3295650
2297,SRR2407602
2298,SRR2542487
2299,SRR3295692
2300,SRR3295824
2301,SRR3745543
2302,SRR2567038
2303,SRR2567024
2304,SRR2016683
2305,SRR3295555
2306,SRR3664890
2307,SRR2533542
2308,SRR2407796
2309,SRR3295841
2310,SRR3198632
2311,SRR3740191
2312,SRR3664983
2313,SRR2015791
2314,SRR3665309
2315,SRR2407565
2316,SRR3295806
2317,SRR1619553
2318,SRR2407680
2319,SRR3665280
2320,SRR1664265
2321,SRR3330383
2322,SRR1583085
2323,SRR2542452
2324,SRR3210381
2325,SRR3664945
2326,SRR3215344
2327,SRR1982211
2328,SRR3932880
2329,SRR3194571
2330,SRR2532718
2331,SRR2532785
2332,SRR1528506
2333,SRR2407616
2334,SRR2566930
2335,SRR3295507
2336,SRR3330224
2337,SRR2962393
2338,SRR3056930
2339,SRR1801732
2340,SRR3664748
2341,SRR3664720
2342,SRR3111273
2343,SRR1334129
2344,SRR3101881
2345,SRR3052025
2346,SRR2407722
2347,SRR1521597
2348,SRR3295665
2349,SRR3295795
2350,SRR3098275
2351,SRR3242365
2352,SRR3932944
2353,SRR3664904
2354,SRR3052017
2355,SRR1534880
2356,SRR3096088
2357,SRR3295641
2358,SRR2015709
2359,SRR1363276
2360,SRR4280589
2361,SRR2567190
2362,SRR3224092
2363,SRR3665037
2364,SRR3295602
2365,SRR2407619
2366,SRR3664831
2367,SRR3101879
2368,SRR3665108
2369,SRR3665188
2370,SRR3664805
2371,SRR2993937
2372,SRR3933012
2373,SRR2407793
2374,SRR3295702
2375,SRR3295582
2376,SRR3098271
2377,SRR3199877
2378,SRR2567146
2379,SRR1664264
2380,SRR2567124
2381,SRR3242361
2382,SRR3932947
2383,SRR2407692
2384,SRR2566983
2385,SRR2567043
2386,SRR2918194
2387,SRR3665241
2388,SRR2064108
2389,SRR3217372
2390,SRR1646941
2391,SRR1588686
2392,SRR3057220
2393,SRR3219161
2394,SRR2566956
2395,SRR2407778
2396,SRR2567186
2397,SRR2566908
2398,SRR3219184
2399,SRR1631194
2400,SRR2017879
2401,SRR2533327
2402,SRR3184187
2403,SRR1822293
2404,SRR2976055
2405,SRR3180045
2406,SRR3330225
2407,SRR3664924
2408,SRR2583952
2409,SRR3932967
2410,SRR2407691
2411,SRR1849395
2412,SRR3098662
2413,SRR1951851
2414,SRR3664957
2415,SRR2648195
2416,SRR3199880
2417,SRR3295850
2418,SRR4280644
2419,SRR2648755
2420,SRR3932946
2421,SRR3295575
2422,SRR2919946
2423,SRR3295691
2424,SRR4280562
2425,SRR3289800
2426,SRR3289813
2427,SRR2533459
2428,SRR3115185
2429,SRR2982342
2430,SRR2085784
2431,SRR2911795
2432,SRR3056899
2433,SRR3295912
2434,SRR3115192
2435,SRR3210393
2436,SRR3295545
2437,SRR3665118
2438,SRR2407617
2439,SRR3210660
2440,SRR1774031
2441,SRR3932943
2442,SRR2239758
2443,SRR2566889
2444,SRR2989209
2445,SRR3289784
2446,SRR2962363
2447,SRR2567075
2448,SRR3664628
2449,SRR1562633
2450,SRR2017873
2451,SRR3933014
2452,SRR2918185
2453,SRR2567204
2454,SRR2103410
2455,SRR2670691
2456,SRR2670714
2457,SRR3509857
2458,SRR2533576
2459,SRR2533556
2460,SRR3224095
2461,SRR3295907
2462,SRR2566871
2463,SRR2533342
2464,SRR3055290
2465,SRR3116192
2466,SRR3096084
2467,SRR2017874
2468,SRR2567073
2469,SRR3115218
2470,SRR2566916
2471,SRR3096082
2472,SRR3295924
2473,SRR1916371
2474,SRR3933034
2475,SRR1573571
2476,SRR2670698
2477,SRR2566963
2478,SRR3670105
2479,SRR2567176
2480,SRR2017862
2481,SRR1982114
2482,SRR2407681
2483,SRR1528483
2484,SRR1544414
2485,SRR3021493
2486,SRR2082841
2487,SRR2648750
2488,SRR1363331
2489,SRR1521571
2490,SRR2064122
2491,SRR3295675
2492,SRR1556088
2493,SRR1773634
2494,SRR3098283
2495,SRR2407632
2496,SRR3217374
2497,SRR2102404
2498,SRR2407716
2499,SRR3932904
2500,SRR2973724
2501,SRR3110463
2502,SRR1556071
2503,SRR3664974
2504,SRR2670697
2505,SRR2912645
2506,SRR2407597
2507,SRR2407728
2508,SRR1583119
2509,SRR3664726
2510,SRR2064117
2511,SRR3932907
2512,SRR4280609
2513,SRR1664271
2514,SRR3098660
2515,SRR1767819
2516,SRR3665028
2517,SRR2584401
2518,SRR1300629
2519,SRR2096621
2520,SRR3664734
2521,SRR3664712
2522,SRR3110475
2523,SRR2911791
2524,SRR3665192
2525,SRR1823684
2526,SRR4280578
2527,SRR2982344
2528,SRR2566931
2529,SRR3062686
2530,SRR3096076
2531,SRR2078205
2532,SRR3085618
2533,SRR3764681
2534,SRR3210385
2535,SRR1812825
2536,SRR3219160
2537,SRR1951843
2538,SRR2566900
2539,SRR2973704
2540,SRR2973702
2541,SRR1823711
2542,SRR2407535
2543,SRR2533442
2544,SRR2143480
2545,SRR1588685
2546,SRR1914396
2547,SRR3664947
2548,SRR1773628
2549,SRR3223099
2550,SRR3033306
2551,SRR3933044
2552,SRR2542494
2553,SRR3993888
2554,SRR3664868
2555,SRR3271893
2556,SRR4280580
2557,SRR3098293
2558,SRR3056917
2559,SRR4280646
2560,SRR3199874
2561,SRR3188260
2562,SRR3056906
2563,SRR3000046
2564,SRR2239756
2565,SRR3289769
2566,SRR2533454
2567,SRR2567149
2568,SRR1946938
2569,SRR4280603
2570,SRR2567111
2571,SRR3223148
2572,SRR3932913
2573,SRR1615091
2574,SRR2407636
2575,SRR1583138
2576,SRR1300663
2577,SRR2239738
2578,SRR1292273
2579,SRR3210563
2580,SRR3223156
2581,SRR3664818
2582,SRR3664611
2583,SRR1646540
2584,SRR3344465
2585,SRR3665317
2586,SRR2566928
2587,SRR3665219
2588,SRR2407586
2589,SRR3295821
2590,SRR2829171
2591,SRR3184123
2592,SRR1980618
2593,SRR2143493
2594,SRR3096083
2595,SRR2889980
2596,SRR3664989
2597,SRR1849385
2598,SRR2912641
2599,SRR3665014
2600,SRR3115234
2601,SRR3933021
2602,SRR3665276
2603,SRR2533329
2604,SRR3295579
2605,SRR2567062
2606,SRR3933052
2607,SRR3664994
2608,SRR3295557
2609,SRR2566920
2610,SRR3330602
2611,SRR3210658
2612,SRR2407580
2613,SRR1980617
2614,SRR3033303
2615,SRR2567089
2616,SRR2973754
2617,SRR2533485
2618,SRR2567139
2619,SRR3664826
2620,SRR2962402
2621,SRR2566898
2622,SRR3031824
2623,SRR2102388
2624,SRR1557007
2625,SRR2962367
2626,SRR3933068
2627,SRR3295844
2628,SRR1556084
2629,SRR3173558
2630,SRR2567085
2631,SRR3740200
2632,SRR2407656
2633,SRR1556980
2634,SRR4280628
2635,SRR3344461
2636,SRR3306206
2637,SRR2131386
2638,SRR3210384
2639,SRR1631185
2640,SRR2533460
2641,SRR2566958
2642,SRR3122771
2643,SRR3932885
2644,SRR2567114
2645,SRR3306283
2646,SRR2648194
2647,SRR3664769
2648,SRR2939124
2649,SRR3664683
2650,SRR2533335
2651,SRR1573572
2652,SRR3055305
2653,SRR1556997
2654,SRR3000037
2655,SRR1557002
2656,SRR2533482
2657,SRR3099650
2658,SRR2670661
2659,SRR3227049
2660,SRR3098272
2661,SRR3509873
2662,SRR3932999
2663,SRR1528531
2664,SRR3295672
2665,SRR1556064
2666,SRR2407746
2667,SRR2532787
2668,SRR2002464
2669,SRR2567020
2670,SRR3295681
2671,SRR2542482
2672,SRR3932882
2673,SRR2567141
2674,SRR3052028
2675,SRR3156390
2676,SRR3295584
2677,SRR2566966
2678,SRR1534908
2679,SRR1299314
2680,SRR3173693
2681,SRR2407754
2682,SRR2533476
2683,SRR3664718
2684,SRR3038501
2685,SRR2584394
2686,SRR1646947
2687,SRR1946976
2688,SRR2567077
2689,SRR3110472
2690,SRR1752811
2691,SRR2227999
2692,SRR1544161
2693,SRR2599652
2694,SRR1573576
2695,SRR2566955
2696,SRR3082382
2697,SRR3664875
2698,SRR3932940
2699,SRR2017863
2700,SRR3295535
2701,SRR2583960
2702,SRR2407743
2703,SRR3932927
2704,SRR2962880
2705,SRR1752889
2706,SRR3295823
2707,SRR3031856
2708,SRR3295944
2709,SRR3664920
2710,SRR1973650
2711,SRR3115237
2712,SRR3664964
2713,SRR2228223
2714,SRR3932884
2715,SRR3664685
2716,SRR2584395
2717,SRR2829111
2718,SRR2568398
2719,SRR3665032
2720,SRR3665004
2721,SRR3289765
2722,SRR3664684
2723,SRR3665145
2724,SRR1767784
2725,SRR1823693
2726,SRR3932926
2727,SRR1556078
2728,SRR3665017
2729,SRR3295829
2730,SRR3115224
2731,SRR2078200
2732,SRR2973728
2733,SRR3184197
2734,SRR3295669
2735,SRR3096028
2736,SRR3085616
2737,SRR3664710
2738,SRR2016698
2739,SRR3295518
2740,SRR2993934
2741,SRR2533348
2742,SRR1946986
2743,SRR2103392
2744,SRR2670709
2745,SRR1791300
2746,SRR1619583
2747,SRR3210386
2748,SRR3184160
2749,SRR2982339
2750,SRR2567064
2751,SRR1646557
2752,SRR2407553
2753,SRR3932958
2754,SRR3062680
2755,SRR3099646
2756,SRR2407748
2757,SRR2125032
2758,SRR3664650
2759,SRR3547960
2760,SRR3143811
2761,SRR3664688
2762,SRR2567004
2763,SRR3665053
2764,SRR3223098
2765,SRR3055296
2766,SRR3664848
2767,SRR3400001
2768,SRR3198628
2769,SRR3932989
2770,SRR4280581
2771,SRR3664956
2772,SRR3184159
2773,SRR1664311
2774,SRR3295527
2775,SRR3933007
2776,SRR3136897
2777,SRR3173538
2778,SRR3289805
2779,SRR2103390
2780,SRR3295512
2781,SRR3180047
2782,SRR1822313
2783,SRR3665021
2784,SRR2567203
2785,SRR3295648
2786,SRR2962664
2787,SRR2648912
2788,SRR1588673
2789,SRR2982349
2790,SRR2407603
2791,SRR2533438
2792,SRR2566972
2793,SRR3210557
2794,SRR3295771
2795,SRR3295505
2796,SRR2407765
2797,SRR1946937
2798,SRR2226895
2799,SRR3115380
2800,SRR1763832
2801,SRR3000019
2802,SRR1556968
2803,SRR1534892
2804,SRR3091339
2805,SRR1646583
2806,SRR3219181
2807,SRR3223757
2808,SRR2533445
2809,SRR3185048
2810,SRR3242335
2811,SRR3210383
2812,SRR2407672
2813,SRR1774022
2814,SRR1619565
2815,SRR3295617
2816,SRR2583950
2817,SRR3052026
2818,SRR2533551
2819,SRR1914407
2820,SRR3606700
2821,SRR2533554
2822,SRR2064124
2823,SRR3215342
2824,SRR3173527
2825,SRR3000030
2826,SRR3295606
2827,SRR2103406
2828,SRR3933037
2829,SRR3052027
2830,SRR3665033
2831,SRR2939004
2832,SRR1947001
2833,SRR3295904
2834,SRR3306208
2835,SRR2567081
2836,SRR3295722
2837,SRR3665064
2838,SRR3295929
2839,SRR3180051
2840,SRR4019219
2841,SRR3210657
2842,SRR2567181
2843,SRR3101829
2844,SRR3665170
2845,SRR3122761
2846,SRR1573573
2847,SRR3271884
2848,SRR3665038
2849,SRR1598883
2850,SRR3110468
2851,SRR2533334
2852,SRR1822309
2853,SRR3295945
2854,SRR1849384
2855,SRR2082822
2856,SRR2532717
2857,SRR3082392
2858,SRR2566909
2859,SRR3295718
2860,SRR3932894
2861,SRR1528488
2862,SRR4280560
2863,SRR3664912
2864,SRR3000036
2865,SRR2102463
2866,SRR1946995
2867,SRR3665071
2868,SRR2407649
2869,SRR3665202
2870,SRR2567202
2871,SRR1300726
2872,SRR3224090
2873,SRR1556117
2874,SRR3096101
2875,SRR3000017
2876,SRR3295683
2877,SRR2566862
2878,SRR4280579
2879,SRR2648191
2880,SRR2533340
2881,SRR3295710
2882,SRR1783221
2883,SRR2533440
2884,SRR3665259
2885,SRR1588693
2886,SRR1556105
2887,SRR1752781
2888,SRR2062219
2889,SRR2226944
2890,SRR3173691
2891,SRR3115191
2892,SRR3295900
2893,SRR2407727
2894,SRR3664653
2895,SRR3664969
2896,SRR3295940
2897,SRR2567053
2898,SRR3664935
2899,SRR3085612
2900,SRR3665141
2901,SRR2982354
2902,SRR2568390
2903,SRR3664921
2904,SRR3664705
2905,SRR1823706
2906,SRR2567028
2907,SRR3664645
2908,SRR1973703
2909,SRR2566879
2910,SRR1767814
2911,SRR3098641
2912,SRR4280588
2913,SRR3665288
2914,SRR4280621
2915,SRR3330223
2916,SRR3665022
2917,SRR3664907
2918,SRR3330246
2919,SRR3151792
2920,SRR3490008
2921,SRR3056898
2922,SRR2567154
2923,SRR3148244
2924,SRR3056907
2925,SRR2567079
2926,SRR1646929
2927,SRR3664746
2928,SRR3194570
2929,SRR3933005
2930,SRR3664704
2931,SRR3021487
2932,SRR1363310
2933,SRR3111267
2934,SRR3295880
2935,SRR1562599
2936,SRR3295817
2937,SRR4280566
2938,SRR3665173
2939,SRR3111275
2940,SRR2407699
2941,SRR2407763
2942,SRR3242344
2943,SRR2407587
2944,SRR2670155
2945,SRR3122766
2946,SRR1528516
2947,SRR1583139
2948,SRR3295789
2949,SRR3664615
2950,SRR2533544
2951,SRR3664673
2952,SRR3116157
2953,SRR3399999
2954,SRR2407767
2955,SRR1823712
2956,SRR1556115
2957,SRR2239755
2958,SRR1946947
2959,SRR3215340
2960,SRR4280604
2961,SRR2542449
2962,SRR3665096
2963,SRR2917935
2964,SRR4280575
2965,SRR1773656
2966,SRR2070981
2967,SRR3665316
2968,SRR3099643
2969,SRR3057228
2970,SRR4280623
2971,SRR1791289
2972,SRR2584389
2973,SRR3933080
2974,SRR3151795
2975,SRR3110469
2976,SRR3330381
2977,SRR3665169
2978,SRR3173705
2979,SRR3665011
2980,SRR2407774
2981,SRR3418278
2982,SRR3664715
2983,SRR2407733
2984,SRR3664999
2985,SRR3306284
2986,SRR2962883
2987,SRR3295659
2988,SRR3295783
2989,SRR3664927
2990,SRR3089989
2991,SRR2566923
2992,SRR2533324
2993,SRR3224094
2994,SRR3096107
2995,SRR3295544
2996,SRR2533326
2997,SRR2670695
2998,SRR2407539
2999,SRR1544145
3000,SRR1573575
3001,SRR3295754
3002,SRR3933076
3003,SRR3052022
3004,SRR3091341
3005,SRR3664918
3006,SRR3664861
3007,SRR3185037
3008,SRR2567137
3009,SRR2989563
3010,SRR2989168
3011,SRR3295813
3012,SRR3665311
3013,SRR3933041
3014,SRR3091342
3015,SRR2567212
3016,SRR2566961
3017,SRR2566890
3018,SRR1615092
3019,SRR3182542
3020,SRR3664781
3021,SRR2962668
3022,SRR3185055
3023,SRR1791294
3024,SRR3664731
3025,SRR2407766
3026,SRR3330374
3027,SRR3664640
3028,SRR2567091
3029,SRR3056928
3030,SRR3210382
3031,SRR3295668
3032,SRR2566860
3033,SRR2670708
3034,SRR1609693
3035,SRR2407641
3036,SRR3096094
3037,SRR3096721
3038,SRR1562601
3039,SRR2599656
3040,SRR3665245
3041,SRR3295843
3042,SRR3295960
3043,SRR3295882
3044,SRR3932891
3045,SRR2002479
3046,SRR2567184
3047,SRR2002485
3048,SRR3295682
3049,SRR3933046
3050,SRR3933038
3051,SRR3664790
3052,SRR3664872
3053,SRR3664796
3054,SRR3156384
3055,SRR3062675
3056,SRR3665015
3057,SRR3295875
3058,SRR2670601
3059,SRR1822308
3060,SRR1951869
3061,SRR2407643
3062,SRR2567196
3063,SRR3932931
3064,SRR3188253
3065,SRR1534823
3066,SRR2981111
3067,SRR2919948
3068,SRR3223151
3069,SRR2156502
3070,SRR3664752
3071,SRR3295851
3072,SRR3664626
3073,SRR1951854
3074,SRR3665079
3075,SRR2962662
3076,SRR1528526
3077,SRR3116200
3078,SRR3665263
3079,SRR2567083
3080,SRR4280618
3081,SRR3664652
3082,SRR3664816
3083,SRR3932955
3084,SRR3295661
3085,SRR2226935
3086,SRR1583154
3087,SRR3664617
3088,SRR3289815
3089,SRR3223095
3090,SRR2143454
3091,SRR1553831
3092,SRR3330385
3093,SRR3665240
3094,SRR2407723
3095,SRR3146660
3096,SRR1646950
3097,SRR3173525
3098,SRR3082383
3099,SRR2566863
3100,SRR2533346
3101,SRR3932953
3102,SRR3295909
3103,SRR3664751
3104,SRR2973835
3105,SRR3664681
3106,SRR2407561
3107,SRR3295911
3108,SRR3295701
3109,SRR3115184
3110,SRR1951853
3111,SRR3214124
3112,SRR1363297
3113,SRR2567208
3114,SRR3664699
3115,SRR3932898
3116,SRR3933054
3117,SRR2670693
3118,SRR3136893
3119,SRR3664825
3120,SRR3399993
3121,SRR3294537
3122,SRR3664943
3123,SRR3098657
3124,SRR3665171
3125,SRR3665211
3126,SRR3932888
3127,SRR2566959
3128,SRR3295546
3129,SRR2829314
3130,SRR2829307
3131,SRR3665264
3132,SRR2989557
3133,SRR2993805
3134,SRR4280620
3135,SRR2566941
3136,SRR3295558
3137,SRR3184166
3138,SRR3344459
3139,SRR3295676
3140,SRR3090004
3141,SRR3664669
3142,SRR3110327
3143,SRR2407730
3144,SRR2973698
3145,SRR2724061
3146,SRR2875425
3147,SRR3664679
3148,SRR1973696
3149,SRR3110334
3150,SRR1521578
3151,SRR3295520
3152,SRR2567030
3153,SRR3289811
3154,SRR2532634
3155,SRR1534912
3156,SRR4280639
3157,SRR2637856
3158,SRR3664722
3159,SRR3740187
3160,SRR3306282
3161,SRR2017848
3162,SRR1534896
3163,SRR2567123
3164,SRR2567008
3165,SRR3932972
3166,SRR2078198
3167,SRR3056910
3168,SRR2910993
3169,SRR3664829
3170,SRR3242354
3171,SRR1588664
3172,SRR3188262
3173,SRR2919950
3174,SRR3091412
3175,SRR3664775
3176,SRR2962364
3177,SRR3664815
3178,SRR3098643
3179,SRR3295727
3180,SRR3096078
3181,SRR2227324
3182,SRR3933061
3183,SRR3933071
3184,SRR1664191
3185,SRR3147931
3186,SRR3096096
3187,SRR1791272
3188,SRR3136896
3189,SRR3295708
3190,SRR3056916
3191,SRR1609696
3192,SRR2407757
3193,SRR3933003
3194,SRR3295654
3195,SRR2407606
3196,SRR1574265
3197,SRR3306207
3198,SRR3665191
3199,SRR1752711
3200,SRR2567040
3201,SRR3295809
3202,SRR2638015
3203,SRR3214100
3204,SRR3182547
3205,SRR2993935
3206,SRR3665018
3207,SRR2989211
3208,SRR2102423
3209,SRR3665115
3210,SRR1556103
3211,SRR3031826
3212,SRR2533338
3213,SRR2962901
3214,SRR3173704
3215,SRR2910991
3216,SRR3089997
3217,SRR3933011
3218,SRR4019216
3219,SRR2583944
3220,SRR1363287
3221,SRR2999651
3222,SRR2567032
3223,SRR3664768
3224,SRR2064116
3225,SRR2567094
3226,SRR1514750
3227,SRR2102383
3228,SRR2533461
3229,SRR3418287
3230,SRR2912658
3231,SRR1598886
3232,SRR3295662
3233,SRR2533336
3234,SRR1812852
3235,SRR3151791
3236,SRR3932993
3237,SRR1299367
3238,SRR3665250
3239,SRR3219170
3240,SRR1619566
3241,SRR3295561
3242,SRR2566907
3243,SRR2669156
3244,SRR2407593
3245,SRR1646926
3246,SRR3295749
3247,SRR3021486
3248,SRR3330217
3249,SRR1534881
3250,SRR1521518
3251,SRR2407638
3252,SRR2568397
3253,SRR3665099
3254,SRR3295948
3255,SRR3295958
3256,SRR3223103
3257,SRR3099621
3258,SRR2078273
3259,SRR3295876
3260,SRR2567006
3261,SRR3664765
3262,SRR3210568
3263,SRR3151802
3264,SRR3664760
3265,SRR1793271
3266,SRR2188116
3267,SRR3271887
3268,SRR2047291
3269,SRR3055299
3270,SRR3115440
3271,SRR3057224
3272,SRR3665301
3273,SRR1299310
3274,SRR1982235
3275,SRR3038497
3276,SRR3045969
3277,SRR3111265
3278,SRR3933006
3279,SRR2033916
3280,SRR3295660
3281,SRR3932881
3282,SRR3665063
3283,SRR3399998
3284,SRR2973737
3285,SRR3295833
3286,SRR1300613
3287,SRR2407588
3288,SRR3664700
3289,SRR2407645
3290,SRR3056900
3291,SRR3055284
3292,SRR3089991
3293,SRR1521581
3294,SRR3663790
3295,SRR1556085
3296,SRR1946891
3297,SRR3295885
3298,SRR3663783
3299,SRR2567112
3300,SRR3932997
3301,SRR2648198
3302,SRR3665164
3303,SRR3271896
3304,SRR3933009
3305,SRR2407667
3306,SRR3295834
3307,SRR3665124
3308,SRR3057217
3309,SRR3664606
3310,SRR2917941
3311,SRR2566888
3312,SRR2407709
3313,SRR2567120
3314,SRR3932975
3315,SRR3664842
3316,SRR3295716
3317,SRR3185089
3318,SRR3664887
3319,SRR3185056
3320,SRR2407654
3321,SRR3664806
3322,SRR3933039
3323,SRR3223150
3324,SRR3129703
3325,SRR4280640
3326,SRR3223101
3327,SRR1528507
3328,SRR3295589
3329,SRR3664854
3330,SRR3295587
3331,SRR3110473
3332,SRR1998980
3333,SRR3664971
3334,SRR3295556
3335,SRR1980619
3336,SRR2670711
3337,SRR2566899
3338,SRR1951868
3339,SRR2567153
3340,SRR2070983
3341,SRR3665008
3342,SRR3665208
3343,SRR3664889
3344,SRR3932910
3345,SRR2407695
3346,SRR3664725
3347,SRR2002470
3348,SRR1573564
3349,SRR2584386
3350,SRR3665296
3351,SRR2567105
3352,SRR1916388
3353,SRR3933060
3354,SRR3740193
3355,SRR3664695
3356,SRR2239754
3357,SRR3295919
3358,SRR3400013
3359,SRR3242212
3360,SRR4019217
3361,SRR3294539
3362,SRR3223152
3363,SRR3295920
3364,SRR2875424
3365,SRR1801538
3366,SRR1849407
3367,SRR1631192
3368,SRR3214111
3369,SRR2533321
3370,SRR3021491
3371,SRR1646573
3372,SRR2070990
3373,SRR3295667
3374,SRR1534885
3375,SRR1767753
3376,SRR2533384
3377,SRR2566964
3378,SRR2567113
3379,SRR3203827
3380,SRR3664973
3381,SRR3664616
3382,SRR3665074
3383,SRR1813447
3384,SRR3418288
3385,SRR2829308
3386,SRR3665030
3387,SRR3180038
3388,SRR2567086
3389,SRR3932893
3390,SRR2188117
3391,SRR3665277
3392,SRR2567095
3393,SRR2973726
3394,SRR2407620
3395,SRR3184191
3396,SRR3295890
3397,SRR3146664
3398,SRR3099619
3399,SRR3295517
3400,SRR3933016
3401,SRR2239753
3402,SRR3665310
3403,SRR1544283
3404,SRR3665149
3405,SRR1998976
3406,SRR3223097
3407,SRR3147929
3408,SRR2962405
3409,SRR3664807
3410,SRR2533332
3411,SRR2989558
3412,SRR3664750
3413,SRR3664648
3414,SRR3001175
3415,SRR2567147
3416,SRR3295828
3417,SRR2407784
3418,SRR1763808
3419,SRR2407574
3420,SRR4280590
3421,SRR2407666
3422,SRR3198620
3423,SRR3665189
3424,SRR2919952
3425,SRR3180040
3426,SRR3664641
3427,SRR3210653
3428,SRR2542498
3429,SRR3664811
3430,SRR2567156
3431,SRR3131142
3432,SRR2989203
3433,SRR1544319
3434,SRR1521560
3435,SRR3210654
3436,SRR3664939
3437,SRR3665266
3438,SRR3664885
3439,SRR3933017
3440,SRR1363301
3441,SRR1534841
3442,SRR3933063
3443,SRR2143455
3444,SRR2227603
3445,SRR3664884
3446,SRR3096077
3447,SRR3330230
3448,SRR3295781
3449,SRR3664682
3450,SRR2920120
3451,SRR3000042
3452,SRR3294529
3453,SRR3664717
3454,SRR3242352
3455,SRR3932991
3456,SRR3665102
3457,SRR3295707
3458,SRR3295525
3459,SRR1947041
3460,SRR2407760
3461,SRR2567092
3462,SRR2102441
3463,SRR2912657
3464,SRR3664680
3465,SRR3021492
3466,SRR3295637
3467,SRR3665226
3468,SRR3932908
3469,SRR3146670
3470,SRR2188127
3471,SRR2567069
3472,SRR3198631
3473,SRR1805623
3474,SRR3664774
3475,SRR2064119
3476,SRR2407799
3477,SRR1801548
3478,SRR3932982
3479,SRR2829108
3480,SRR3932935
3481,SRR2566891
3482,SRR2542460
3483,SRR3664880
3484,SRR3295755
3485,SRR3664749
3486,SRR1752887
3487,SRR3295767
3488,SRR2567103
3489,SRR3664698
3490,SRR2532784
3491,SRR1588663
3492,SRR2566990
3493,SRR2227605
3494,SRR3664940
3495,SRR3330241
3496,SRR3055319
3497,SRR2407540
3498,SRR3223096
3499,SRR1637063
3500,SRR2542501
3501,SRR2078279
3502,SRR3547959
3503,SRR3665087
3504,SRR3156387
3505,SRR3664620
3506,SRR1793268
3507,SRR1752885
3508,SRR3344463
3509,SRR2407752
3510,SRR1763838
3511,SRR2407708
3512,SRR3219167
3513,SRR1553786
3514,SRR2407721
3515,SRR2638014
3516,SRR1982219
3517,SRR3242357
3518,SRR2584317
3519,SRR3344458
3520,SRR1946883
3521,SRR3295943
3522,SRR2407801
3523,SRR3664853
3524,SRR3098652
3525,SRR3057225
3526,SRR3210651
3527,SRR3096722
3528,SRR3933086
3529,SRR3116154
3530,SRR2407747
3531,SRR3664949
3532,SRR2912653
3533,SRR1333881
3534,SRR3091332
3535,SRR3933066
3536,SRR1774017
3537,SRR3330384
3538,SRR2054608
3539,SRR3182556
3540,SRR1812867
3541,SRR3330603
3542,SRR3055289
3543,SRR2583955
3544,SRR1916376
3545,SRR1334372
3546,SRR3665193
3547,SRR3295745
3548,SRR1951877
3549,SRR3056893
3550,SRR2567179
3551,SRR1528479
3552,SRR3289810
3553,SRR3115379
3554,SRR2017875
3555,SRR3932948
3556,SRR3933020
3557,SRR3271895
3558,SRR2567054
3559,SRR3214099
3560,SRR3295726
3561,SRR3098296
3562,SRR2567076
3563,SRR2407589
3564,SRR2407782
3565,SRR2188123
3566,SRR2407662
3567,SRR3115369
3568,SRR1767830
3569,SRR2567170
3570,SRR3933084
3571,SRR3214098
3572,SRR3932988
3573,SRR3295819
3574,SRR3664763
3575,SRR1544239
3576,SRR2962407
3577,SRR1805653
3578,SRR3665253
3579,SRR4280605
3580,SRR2599659
3581,SRR1783195
3582,SRR3664857
3583,SRR2542455
3584,SRR1777682
3585,SRR3242328
3586,SRR1791298
3587,SRR3664661
3588,SRR2829109
3589,SRR3665135
3590,SRR3664958
3591,SRR3306277
3592,SRR3664787
3593,SRR3031827
3594,SRR2567125
3595,SRR3146576
3596,SRR3295826
3597,SRR3664783
3598,SRR1299279
3599,SRR2407798
3600,SRR1528512
3601,SRR3295717
3602,SRR1556931
3603,SRR4280632
3604,SRR2724062
3605,SRR2669160
3606,SRR2912651
3607,SRR3148341
3608,SRR3664651
3609,SRR2407541
3610,SRR1783178
3611,SRR2407682
3612,SRR2567138
3613,SRR3932900
3614,SRR3295748
3615,SRR2039135
3616,SRR2407776
3617,SRR3664665
3618,SRR3665251
3619,SRR3665318
3620,SRR3101828
3621,SRR2568395
3622,SRR1946933
3623,SRR3098278
3624,SRR1951870
3625,SRR1334672
3626,SRR2910992
3627,SRR3932977
3628,SRR2566970
3629,SRR3116196
3630,SRR2670718
3631,SRR2407669
3632,SRR2407562
3633,SRR1528521
3634,SRR1553734
3635,SRR3091410
3636,SRR3665278
3637,SRR3098373
3638,SRR3173555
3639,SRR3665210
3640,SRR3295700
3641,SRR1528480
3642,SRR3665265
3643,SRR1609685
3644,SRR2567071
3645,SRR3665282
3646,SRR3664813
3647,SRR2566953
3648,SRR2542489
3649,SRR2989560
3650,SRR1528524
3651,SRR2002457
3652,SRR1812805
3653,SRR3295849
3654,SRR1553905
3655,SRR1299273
3656,SRR3184162
3657,SRR2566886
3658,SRR2407705
3659,SRR2989189
3660,SRR2724065
3661,SRR2583943
3662,SRR2407536
3663,SRR3664928
3664,SRR1793257
3665,SRR2566951
3666,SRR3173685
3667,SRR3330226
3668,SRR1664306
3669,SRR3184195
3670,SRR1363342
3671,SRR1752888
3672,SRR2567048
3673,SRR3295862
3674,SRR1299428
3675,SRR3664789
3676,SRR3664798
3677,SRR3665307
3678,SRR1573561
3679,SRR1573574
3680,SRR2407624
3681,SRR3101883
3682,SRR3115183
3683,SRR3932941
3684,SRR2989208
3685,SRR2017864
3686,SRR2566971
3687,SRR2567127
3688,SRR3199882
3689,SRR1631182
3690,SRR2054616
3691,SRR3665283
3692,SRR3001178
3693,SRR1619595
3694,SRR2039234
3695,SRR3215343
3696,SRR3184155
3697,SRR3091417
3698,SRR1544250
3699,SRR3289795
3700,SRR3664879
3701,SRR3295936
3702,SRR2533377
3703,SRR2566896
3704,SRR2156628
3705,SRR3147925
3706,SRR1777683
3707,SRR3082388
3708,SRR3122769
3709,SRR1300595
3710,SRR3219165
3711,SRR3180035
3712,SRR3056904
3713,SRR1916394
3714,SRR3295861
3715,SRR3418291
3716,SRR2407658
3717,SRR2407717
3718,SRR2532790
3719,SRR3217371
3720,SRR3306213
3721,SRR1752883
3722,SRR3191434
3723,SRR3295562
3724,SRR2976056
3725,SRR3665062
3726,SRR3932883
3727,SRR3664881
3728,SRR1793244
3729,SRR2156629
3730,SRR2533560
3731,SRR3295953
3732,SRR3062672
3733,SRR3295705
3734,SRR3665137
3735,SRR3031869
3736,SRR1774021
3737,SRR3664716
3738,SRR2407703
3739,SRR3055310
3740,SRR3664633
3741,SRR1763863
3742,SRR3182553
3743,SRR3932963
3744,SRR2920121
3745,SRR2407650
3746,SRR1299305
3747,SRR3098265
3748,SRR1609694
3749,SRR3184165
3750,SRR1609691
3751,SRR3091344
3752,SRR1820096
3753,SRR3932938
3754,SRR3295887
3755,SRR3101789
3756,SRR3295577
3757,SRR2982356
3758,SRR3295925
3759,SRR2407598
3760,SRR2407542
3761,SRR2407772
3762,SRR3665161
3763,SRR3099614
3764,SRR3664952
3765,SRR2911792
3766,SRR2533558
3767,SRR2567200
3768,SRR3664634
3769,SRR2919949
3770,SRR3295536
3771,SRR3295744
3772,SRR3932912
3773,SRR2979527
3774,SRR1946897
3775,SRR2407684
3776,SRR4280563
3777,SRR3000027
3778,SRR2103396
3779,SRR2976052
3780,SRR2533435
3781,SRR3664621
3782,SRR2638017
3783,SRR2911793
3784,SRR1574311
3785,SRR3665051
3786,SRR1805574
3787,SRR3115225
3788,SRR2962665
3789,SRR3210664
3790,SRR2911794
3791,SRR1664280
3792,SRR2939007
3793,SRR3295951
3794,SRR1822300
3795,SRR1982193
3796,SRR3665180
3797,SRR4280570
3798,SRR2973729
3799,SRR1553846
3800,SRR2015670
3801,SRR3056929
3802,SRR3056905
3803,SRR3295599
3804,SRR2542485
3805,SRR3664910
3806,SRR3110380
3807,SRR3932952
3808,SRR2054612
3809,SRR4280587
3810,SRR1823707
3811,SRR2583953
3812,SRR3110466
3813,SRR1910756
3814,SRR3295878
3815,SRR2567192
3816,SRR3665001
3817,SRR1767783
3818,SRR1334559
3819,SRR3509866
3820,SRR3509864
3821,SRR3664608
3822,SRR3055301
3823,SRR3242211
3824,SRR2510833
3825,SRR3295678
3826,SRR1528472
3827,SRR3665195
3828,SRR3031871
3829,SRR3665092
3830,SRR3665201
3831,SRR2533380
3832,SRR3664845
3833,SRR2533479
3834,SRR3214101
3835,SRR2989190
3836,SRR3295633
3837,SRR3219142
3838,SRR2566905
3839,SRR1583122
3840,SRR3096704
3841,SRR3665176
3842,SRR2939562
3843,SRR2962365
3844,SRR2566989
3845,SRR3146578
3846,SRR3295913
3847,SRR3295787
3848,SRR2939123
3849,SRR3098645
3850,SRR2962897
3851,SRR3664946
3852,SRR2939125
3853,SRR2533330
3854,SRR3225372
3855,SRR2583946
3856,SRR3295836
3857,SRR1598879
3858,SRR3295632
3859,SRR1299361
3860,SRR3210565
3861,SRR3295956
3862,SRR2568403
3863,SRR3173699
3864,SRR3665222
3865,SRR3184186
3866,SRR3173560
3867,SRR3056912
3868,SRR1556959
3869,SRR2567130
3870,SRR1528536
3871,SRR3210561
3872,SRR3295741
3873,SRR3295773
3874,SRR2566944
3875,SRR3295942
3876,SRR3665217
3877,SRR3115238
3878,SRR3295796
3879,SRR3664996
3880,SRR1951841
3881,SRR1609683
3882,SRR3295549
3883,SRR1763866
3884,SRR3664792
3885,SRR3242350
3886,SRR3173563
3887,SRR3933070
3888,SRR3664745
3889,SRR2533489
3890,SRR2566996
3891,SRR2407554
3892,SRR1334378
3893,SRR1598881
3894,SRR3665067
3895,SRR1805680
3896,SRR3665078
3897,SRR4280602
3898,SRR3242327
3899,SRR2566945
3900,SRR2599647
3901,SRR3295793
3902,SRR3173702
3903,SRR2973699
3904,SRR1793259
3905,SRR2584399
3906,SRR3665127
3907,SRR1752727
3908,SRR3295874
3909,SRR4280565
3910,SRR1521526
3911,SRR2227279
3912,SRR3294527
3913,SRR2054610
3914,SRR4280641
3915,SRR3091330
3916,SRR3295731
3917,SRR3031828
3918,SRR3295838
3919,SRR3664893
3920,SRR2407566
3921,SRR3129298
3922,SRR3295524
3923,SRR3131144
3924,SRR3289806
3925,SRR3191436
3926,SRR3271892
3927,SRR3664896
3928,SRR2981103
3929,SRR3191439
3930,SRR1562660
3931,SRR2724063
3932,SRR3210574
3933,SRR3295858
3934,SRR2982346
3935,SRR2062220
3936,SRR1951882
3937,SRR3330380
3938,SRR3033323
3939,SRR3932973
